[01:02:43.357][info] [#0:/home/muhammed-emin-eser/.local/share/nvim/mason/packages/lua-language-server/libexec/main.lua:71]: Lua Lsp startup, root: 	/home/muhammed-emin-eser/.local/share/nvim/mason/packages/lua-language-server/libexec
[01:02:43.357][info] [#0:/home/muhammed-emin-eser/.local/share/nvim/mason/packages/lua-language-server/libexec/main.lua:72]: ROOT:	/home/muhammed-emin-eser/.local/share/nvim/mason/packages/lua-language-server/libexec
[01:02:43.357][info] [#0:/home/muhammed-emin-eser/.local/share/nvim/mason/packages/lua-language-server/libexec/main.lua:73]: LOGPATH:	/home/muhammed-emin-eser/.local/share/nvim/mason/packages/lua-language-server/libexec/log
[01:02:43.357][info] [#0:/home/muhammed-emin-eser/.local/share/nvim/mason/packages/lua-language-server/libexec/main.lua:74]: METAPATH:	/home/muhammed-emin-eser/.local/share/nvim/mason/packages/lua-language-server/libexec/meta
[01:02:43.357][info] [#0:/home/muhammed-emin-eser/.local/share/nvim/mason/packages/lua-language-server/libexec/main.lua:75]: VERSION:	3.18.2-dev
[01:02:43.374][info] [#0:script/proto/proto.lua:260]: Listen Mode: stdio
[01:02:43.374][info] [#0:script/service/service.lua:145]: 
========= Medical Examination Report =========
    --------------- Memory ---------------
        Total: 1.928 MB
        # 00 : 1.928 MB
        # 01 : 0.000 MB
        # 02 : 0.000 MB
        # 03 : 0.000 MB
        # 04 : 0.000 MB
    --------------- Coroutine ---------------
        Total:     0
        Running:   0
        Suspended: 0
        Normal:    0
        Dead:      0
    --------------- Cache ---------------
        Total: 1
        Dead:  0
    ---------------  RPC  ---------------
        Holdon:   0
        Waiting:  0
==============================================
[01:02:43.377][info] [#0:script/client.lua:657]: Client init	{
  capabilities = {
    general = {
      positionEncodings = { "utf-8", "utf-16", "utf-32" }
    },
    textDocument = {
      callHierarchy = {
        dynamicRegistration = false
      },
      codeAction = {
        codeActionLiteralSupport = {
          codeActionKind = {
            valueSet = { "", "quickfix", "refactor", "refactor.extract", "refactor.inline", "refactor.rewrite", "source", "source.organizeImports" }
          }
        },
        dataSupport = true,
        dynamicRegistration = true,
        isPreferredSupport = true,
        resolveSupport = {
          properties = { "edit", "command" }
        }
      },
      codeLens = {
        dynamicRegistration = false,
        resolveSupport = {
          properties = { "command" }
        }
      },
      completion = {
        completionItem = {
          commitCharactersSupport = false,
          deprecatedSupport = true,
          documentationFormat = { "markdown", "plaintext" },
          insertReplaceSupport = true,
          insertTextModeSupport = {
            valueSet = { 1 }
          },
          labelDetailsSupport = true,
          preselectSupport = false,
          resolveSupport = {
            properties = { "documentation", "detail", "additionalTextEdits", "command", "data" }
          },
          snippetSupport = true,
          tagSupport = {
            valueSet = { 1 }
          }
        },
        completionItemKind = {
          valueSet = { 1, 2, 3, 4, 5, 6, 7, 8, 9, 10, 11, 12, 13, 14, 15, 16, 17, 18, 19, 20, 21, 22, 23, 24, 25 }
        },
        completionList = {
          itemDefaults = { "commitCharacters", "editRange", "insertTextFormat", "insertTextMode", "data" }
        },
        contextSupport = true,
        dynamicRegistration = false,
        insertTextMode = 1
      },
      declaration = {
        linkSupport = true
      },
      definition = {
        dynamicRegistration = true,
        linkSupport = true
      },
      diagnostic = {
        dynamicRegistration = false
      },
      documentHighlight = {
        dynamicRegistration = false
      },
      documentSymbol = {
        dynamicRegistration = false,
        hierarchicalDocumentSymbolSupport = true,
        symbolKind = {
          valueSet = { 1, 2, 3, 4, 5, 6, 7, 8, 9, 10, 11, 12, 13, 14, 15, 16, 17, 18, 19, 20, 21, 22, 23, 24, 25, 26 }
        }
      },
      foldingRange = {
        dynamicRegistration = false,
        foldingRange = {
          collapsedText = true
        },
        lineFoldingOnly = true
      },
      formatting = {
        dynamicRegistration = true
      },
      hover = {
        contentFormat = { "markdown", "plaintext" },
        dynamicRegistration = true
      },
      implementation = {
        linkSupport = true
      },
      inlayHint = {
        dynamicRegistration = true,
        resolveSupport = {
          properties = { "textEdits", "tooltip", "location", "command" }
        }
      },
      publishDiagnostics = {
        dataSupport = true,
        relatedInformation = true,
        tagSupport = {
          valueSet = { 1, 2 }
        }
      },
      rangeFormatting = {
        dynamicRegistration = true,
        rangesSupport = true
      },
      references = {
        dynamicRegistration = false
      },
      rename = {
        dynamicRegistration = true,
        prepareSupport = true
      },
      semanticTokens = {
        augmentsSyntaxTokens = true,
        dynamicRegistration = false,
        formats = { "relative" },
        multilineTokenSupport = false,
        overlappingTokenSupport = true,
        requests = {
          full = {
            delta = true
          },
          range = false
        },
        serverCancelSupport = false,
        tokenModifiers = { "declaration", "definition", "readonly", "static", "deprecated", "abstract", "async", "modification", "documentation", "defaultLibrary" },
        tokenTypes = { "namespace", "type", "class", "enum", "interface", "struct", "typeParameter", "parameter", "variable", "property", "enumMember", "event", "function", "method", "macro", "keyword", "modifier", "comment", "string", "number", "regexp", "operator", "decorator" }
      },
      signatureHelp = {
        dynamicRegistration = false,
        signatureInformation = {
          activeParameterSupport = true,
          documentationFormat = { "markdown", "plaintext" },
          parameterInformation = {
            labelOffsetSupport = true
          }
        }
      },
      synchronization = {
        didSave = true,
        dynamicRegistration = false,
        willSave = true,
        willSaveWaitUntil = true
      },
      typeDefinition = {
        linkSupport = true
      }
    },
    window = {
      showDocument = {
        support = true
      },
      showMessage = {
        messageActionItem = {
          additionalPropertiesSupport = true
        }
      },
      workDoneProgress = true
    },
    workspace = {
      applyEdit = true,
      configuration = true,
      didChangeConfiguration = {
        dynamicRegistration = false
      },
      didChangeWatchedFiles = {
        dynamicRegistration = false,
        relativePatternSupport = true
      },
      fileOperations = {
        didRename = true,
        willRename = true
      },
      inlayHint = {
        refreshSupport = true
      },
      semanticTokens = {
        refreshSupport = true
      },
      symbol = {
        dynamicRegistration = false,
        symbolKind = {
          valueSet = { 1, 2, 3, 4, 5, 6, 7, 8, 9, 10, 11, 12, 13, 14, 15, 16, 17, 18, 19, 20, 21, 22, 23, 24, 25, 26 }
        }
      },
      workspaceEdit = {
        resourceOperations = { "rename", "create", "delete" }
      },
      workspaceFolders = true
    }
  },
  clientInfo = {
    name = "Neovim",
    version = "0.11.2+ga73904168a"
  },
  processId = 26159,
  rootPath = "/home/muhammed-emin-eser/.config/nvim",
  rootUri = "file:///home/muhammed-emin-eser/.config/nvim",
  trace = "off",
  workDoneToken = "1",
  workspaceFolders = { {
      name = "/home/muhammed-emin-eser/.config/nvim",
      uri = "file:///home/muhammed-emin-eser/.config/nvim"
    } }
}
[01:02:43.377][info] [#0:script/language.lua:137]: VSC language: nil
[01:02:43.377][info] [#0:script/language.lua:138]: LS  language: en-us
[01:02:43.377][info] [#0:script/workspace/workspace.lua:38]: Workspace init root: 	file:///home/muhammed-emin-eser/.config/nvim
[01:02:43.377][info] [#0:script/workspace/workspace.lua:42]: Log path: 	/home/muhammed-emin-eser/.local/share/nvim/mason/packages/lua-language-server/libexec/log/file_home_muhammed-emin-eser_.config_nvim.log
[01:02:43.377][info] [#0:script/workspace/workspace.lua:48]: Workspace create: 	file:///home/muhammed-emin-eser/.config/nvim
[01:02:43.389][info] [#0:script/provider/provider.lua:49]: Load config from client	file:///home/muhammed-emin-eser/.config/nvim
[01:02:43.389][info] [#0:script/provider/provider.lua:50]: {
  Lua = {
    codeLens = {
      enable = true
    },
    completion = {
      callSnippet = "Replace"
    },
    doc = {
      privateName = { "^_" }
    },
    hint = {
      arrayIndex = "Disable",
      enable = true,
      paramName = "Disable",
      paramType = true,
      semicolon = "Disable",
      setType = false
    },
    workspace = {
      checkThirdParty = false
    }
  }
}
[01:02:43.389][info] [#0:script/provider/provider.lua:49]: Load config from client	file:///home/muhammed-emin-eser/.config/nvim
[01:02:43.389][info] [#0:script/provider/provider.lua:50]: {
  Lua = {
    codeLens = {
      enable = true
    },
    completion = {
      callSnippet = "Replace"
    },
    doc = {
      privateName = { "^_" }
    },
    hint = {
      arrayIndex = "Disable",
      enable = true,
      paramName = "Disable",
      paramType = true,
      semicolon = "Disable",
      setType = false
    },
    workspace = {
      checkThirdParty = false
    }
  }
}
[01:02:43.392][warn] [#0:script/config/loader.lua:116]: No config?	{}
[01:02:43.392][info] [#0:script/provider/provider.lua:65]: Load config from client	fallback
[01:02:43.392][info] [#0:script/provider/provider.lua:66]: nil
[01:02:43.392][warn] [#0:script/config/loader.lua:116]: No config?	{}
[01:02:43.392][info] [#0:script/provider/provider.lua:65]: Load config from client	fallback
[01:02:43.392][info] [#0:script/provider/provider.lua:66]: nil
[01:02:43.392][info] [#0:script/provider/provider.lua:49]: Load config from client	file:///home/muhammed-emin-eser/.config/nvim
[01:02:43.392][info] [#0:script/provider/provider.lua:50]: {
  Lua = {
    codeLens = {
      enable = true
    },
    completion = {
      callSnippet = "Replace"
    },
    doc = {
      privateName = { "^_" }
    },
    hint = {
      arrayIndex = "Disable",
      enable = true,
      paramName = "Disable",
      paramType = true,
      semicolon = "Disable",
      setType = false
    },
    runtime = {
      path = { "?.lua", "?/init.lua" },
      pathStrict = true,
      version = "LuaJIT"
    },
    workspace = {
      checkThirdParty = false,
      ignoreDir = { "/lua" },
      library = { "/tmp/.mount_nvimCMgEIA/usr/share/nvim/runtime/lua", "/home/muhammed-emin-eser/.config/nvim/lua", "${3rd}/luv/library", "/home/muhammed-emin-eser/.local/share/nvim/lazy/lazy.nvim/lua", "/home/muhammed-emin-eser/.local/share/nvim/lazy/LazyVim/lua" }
    }
  }
}
[01:02:43.405][warn] [#0:script/config/loader.lua:116]: No config?	{}
[01:02:43.406][info] [#0:script/provider/provider.lua:65]: Load config from client	fallback
[01:02:43.406][info] [#0:script/provider/provider.lua:66]: nil
[01:02:43.584][info] [#0:script/library.lua:216]: Init builtin library at:	file:///home/muhammed-emin-eser/.config/nvim
[01:02:43.599][info] [#0:script/library.lua:216]: Init builtin library at:	nil
[01:02:43.705][info] [#0:script/workspace/workspace.lua:330]: Preload start:	file:///home/muhammed-emin-eser/.config/nvim
[01:02:43.709][info] [#0:script/workspace/workspace.lua:336]: Scan files at:	file:///home/muhammed-emin-eser/.config/nvim
[01:02:43.710][info] [#0:script/workspace/workspace.lua:330]: Preload start:	<fallback>
[01:02:43.711][info] [#0:script/workspace/workspace.lua:359]: Scan library at:	file:///home/muhammed-emin-eser/.local/share/nvim/mason/packages/lua-language-server/libexec/meta/Lua%205.4%20en-us%20utf8/builtin.lua
[01:02:43.711][info] [#0:script/workspace/workspace.lua:359]: Scan library at:	file:///home/muhammed-emin-eser/.local/share/nvim/mason/packages/lua-language-server/libexec/meta/Lua%205.4%20en-us%20utf8/string.lua
[01:02:43.711][info] [#0:script/workspace/workspace.lua:359]: Scan library at:	file:///home/muhammed-emin-eser/.local/share/nvim/mason/packages/lua-language-server/libexec/meta/Lua%205.4%20en-us%20utf8/debug.lua
[01:02:43.711][info] [#0:script/workspace/workspace.lua:359]: Scan library at:	file:///home/muhammed-emin-eser/.local/share/nvim/mason/packages/lua-language-server/libexec/meta/Lua%205.4%20en-us%20utf8/table.lua
[01:02:43.711][info] [#0:script/workspace/workspace.lua:359]: Scan library at:	file:///home/muhammed-emin-eser/.local/share/nvim/mason/packages/lua-language-server/libexec/meta/Lua%205.4%20en-us%20utf8/math.lua
[01:02:43.711][info] [#0:script/workspace/workspace.lua:359]: Scan library at:	file:///home/muhammed-emin-eser/.local/share/nvim/mason/packages/lua-language-server/libexec/meta/Lua%205.4%20en-us%20utf8/coroutine.lua
[01:02:43.711][info] [#0:script/workspace/workspace.lua:359]: Scan library at:	file:///home/muhammed-emin-eser/.local/share/nvim/mason/packages/lua-language-server/libexec/meta/Lua%205.4%20en-us%20utf8/io.lua
[01:02:43.711][info] [#0:script/workspace/workspace.lua:359]: Scan library at:	file:///home/muhammed-emin-eser/.local/share/nvim/mason/packages/lua-language-server/libexec/meta/Lua%205.4%20en-us%20utf8/basic.lua
[01:02:43.711][info] [#0:script/workspace/workspace.lua:359]: Scan library at:	file:///home/muhammed-emin-eser/.config/nvim/lua
[01:02:43.712][info] [#0:script/workspace/workspace.lua:359]: Scan library at:	file:///home/muhammed-emin-eser/.local/share/nvim/mason/packages/lua-language-server/libexec/meta/Lua%205.4%20en-us%20utf8/os.lua
[01:02:43.712][info] [#0:script/workspace/workspace.lua:359]: Scan library at:	file:///home/muhammed-emin-eser/.local/share/nvim/mason/packages/lua-language-server/libexec/meta/Lua%205.4%20en-us%20utf8/package.lua
[01:02:43.712][info] [#0:script/workspace/workspace.lua:359]: Scan library at:	file:///home/muhammed-emin-eser/.local/share/nvim/mason/packages/lua-language-server/libexec/meta/Lua%205.4%20en-us%20utf8/utf8.lua
[01:02:43.712][info] [#0:script/workspace/workspace.lua:359]: Scan library at:	file:///home/muhammed-emin-eser/.local/share/nvim/mason/packages/lua-language-server/libexec/meta/LuaJIT%20en-us%20utf8/string.lua
[01:02:43.712][info] [#0:script/workspace/workspace.lua:359]: Scan library at:	file:///home/muhammed-emin-eser/.local/share/nvim/mason/packages/lua-language-server/libexec/meta/LuaJIT%20en-us%20utf8/ffi.lua
[01:02:43.712][info] [#0:script/workspace/workspace.lua:359]: Scan library at:	file:///tmp/.mount_nvimCMgEIA/usr/share/nvim/runtime/lua
[01:02:43.719][info] [#0:script/workspace/workspace.lua:359]: Scan library at:	file:///home/muhammed-emin-eser/.local/share/nvim/mason/packages/lua-language-server/libexec/meta/LuaJIT%20en-us%20utf8/jit/profile.lua
[01:02:43.719][info] [#0:script/workspace/workspace.lua:359]: Scan library at:	file:///home/muhammed-emin-eser/.local/share/nvim/mason/packages/lua-language-server/libexec/meta/LuaJIT%20en-us%20utf8/io.lua
[01:02:43.719][info] [#0:script/workspace/workspace.lua:359]: Scan library at:	file:///home/muhammed-emin-eser/.local/share/nvim/mason/packages/lua-language-server/libexec/meta/LuaJIT%20en-us%20utf8/builtin.lua
[01:02:43.719][info] [#0:script/workspace/workspace.lua:359]: Scan library at:	file:///home/muhammed-emin-eser/.local/share/nvim/mason/packages/lua-language-server/libexec/meta/LuaJIT%20en-us%20utf8/jit/util.lua
[01:02:43.719][info] [#0:script/workspace/workspace.lua:359]: Scan library at:	file:///home/muhammed-emin-eser/.local/share/nvim/mason/packages/lua-language-server/libexec/meta/LuaJIT%20en-us%20utf8/bit.lua
[01:02:43.719][info] [#0:script/workspace/workspace.lua:359]: Scan library at:	file:///home/muhammed-emin-eser/.local/share/nvim/mason/packages/lua-language-server/libexec/meta/LuaJIT%20en-us%20utf8/table/new.lua
[01:02:43.719][info] [#0:script/workspace/workspace.lua:359]: Scan library at:	file:///home/muhammed-emin-eser/.local/share/nvim/mason/packages/lua-language-server/libexec/meta/LuaJIT%20en-us%20utf8/table.lua
[01:02:43.719][info] [#0:script/workspace/workspace.lua:359]: Scan library at:	file:///home/muhammed-emin-eser/.local/share/nvim/mason/packages/lua-language-server/libexec/meta/LuaJIT%20en-us%20utf8/os.lua
[01:02:43.719][info] [#0:script/workspace/workspace.lua:359]: Scan library at:	file:///home/muhammed-emin-eser/.local/share/nvim/lazy/LazyVim/lua
[01:02:43.725][info] [#0:script/workspace/workspace.lua:359]: Scan library at:	file:///home/muhammed-emin-eser/.local/share/nvim/lazy/lazy.nvim/lua
[01:02:43.727][info] [#0:script/workspace/workspace.lua:359]: Scan library at:	file:///home/muhammed-emin-eser/.local/share/nvim/mason/packages/lua-language-server/libexec/meta/LuaJIT%20en-us%20utf8/table/clear.lua
[01:02:43.727][info] [#0:script/workspace/workspace.lua:359]: Scan library at:	file:///home/muhammed-emin-eser/.local/share/nvim/mason/packages/lua-language-server/libexec/meta/LuaJIT%20en-us%20utf8/string/buffer.lua
[01:02:43.727][info] [#0:script/workspace/workspace.lua:359]: Scan library at:	file:///home/muhammed-emin-eser/.local/share/nvim/mason/packages/lua-language-server/libexec/meta/LuaJIT%20en-us%20utf8/jit.lua
[01:02:43.727][info] [#0:script/workspace/workspace.lua:359]: Scan library at:	file:///home/muhammed-emin-eser/.local/share/nvim/mason/packages/lua-language-server/libexec/meta/3rd/luv/library
[01:02:43.728][info] [#0:script/workspace/workspace.lua:359]: Scan library at:	file:///home/muhammed-emin-eser/.local/share/nvim/mason/packages/lua-language-server/libexec/meta/LuaJIT%20en-us%20utf8/math.lua
[01:02:43.728][info] [#0:script/workspace/workspace.lua:359]: Scan library at:	file:///home/muhammed-emin-eser/.local/share/nvim/mason/packages/lua-language-server/libexec/meta/LuaJIT%20en-us%20utf8/coroutine.lua
[01:02:43.728][info] [#0:script/workspace/workspace.lua:359]: Scan library at:	file:///home/muhammed-emin-eser/.local/share/nvim/mason/packages/lua-language-server/libexec/meta/LuaJIT%20en-us%20utf8/debug.lua
[01:02:43.728][info] [#0:script/workspace/workspace.lua:359]: Scan library at:	file:///home/muhammed-emin-eser/.local/share/nvim/mason/packages/lua-language-server/libexec/meta/LuaJIT%20en-us%20utf8/basic.lua
[01:02:43.728][info] [#0:script/workspace/workspace.lua:359]: Scan library at:	file:///home/muhammed-emin-eser/.local/share/nvim/mason/packages/lua-language-server/libexec/meta/LuaJIT%20en-us%20utf8/package.lua
[01:02:43.911][info] [#0:script/workspace/workspace.lua:385]: Found 11 files at:	<fallback>
[01:02:43.911][info] [#0:script/workspace/loading.lua:160]: Load files from disk:	<fallback>
[01:02:43.911][info] [#0:script/workspace/workspace.lua:385]: Found 382 files at:	file:///home/muhammed-emin-eser/.config/nvim
[01:02:43.911][info] [#0:script/workspace/loading.lua:160]: Load files from disk:	file:///home/muhammed-emin-eser/.config/nvim
[01:02:43.913][info] [#0:script/workspace/loading.lua:100]: Preload file at: file:///home/muhammed-emin-eser/.local/share/nvim/mason/packages/lua-language-server/libexec/meta/Lua%205.4%20en-us%20utf8/utf8.lua , size = 2.387 KB
[01:02:43.915][info] [#0:script/workspace/loading.lua:112]: ++++As library of:	file:///home/muhammed-emin-eser/.local/share/nvim/mason/packages/lua-language-server/libexec/meta/Lua%205.4%20en-us%20utf8/utf8.lua
[01:02:43.915][info] [#0:script/workspace/loading.lua:100]: Preload file at: file:///home/muhammed-emin-eser/.local/share/nvim/mason/packages/lua-language-server/libexec/meta/LuaJIT%20en-us%20utf8/package.lua , size = 2.699 KB
[01:02:43.916][info] [#0:script/workspace/loading.lua:112]: ++++As library of:	file:///home/muhammed-emin-eser/.local/share/nvim/mason/packages/lua-language-server/libexec/meta/LuaJIT%20en-us%20utf8/package.lua
[01:02:43.916][info] [#0:script/workspace/loading.lua:100]: Preload file at: file:///home/muhammed-emin-eser/.local/share/nvim/mason/packages/lua-language-server/libexec/meta/Lua%205.4%20en-us%20utf8/package.lua , size = 2.944 KB
[01:02:43.918][info] [#0:script/workspace/loading.lua:112]: ++++As library of:	file:///home/muhammed-emin-eser/.local/share/nvim/mason/packages/lua-language-server/libexec/meta/Lua%205.4%20en-us%20utf8/package.lua
[01:02:43.918][info] [#0:script/workspace/loading.lua:100]: Preload file at: file:///home/muhammed-emin-eser/.local/share/nvim/mason/packages/lua-language-server/libexec/meta/LuaJIT%20en-us%20utf8/basic.lua , size = 16.126 KB
[01:02:43.926][info] [#0:script/workspace/loading.lua:112]: ++++As library of:	file:///home/muhammed-emin-eser/.local/share/nvim/mason/packages/lua-language-server/libexec/meta/LuaJIT%20en-us%20utf8/basic.lua
[01:02:43.926][info] [#0:script/workspace/loading.lua:100]: Preload file at: file:///home/muhammed-emin-eser/.local/share/nvim/mason/packages/lua-language-server/libexec/meta/Lua%205.4%20en-us%20utf8/os.lua , size = 5.662 KB
[01:02:43.928][info] [#0:script/workspace/loading.lua:112]: ++++As library of:	file:///home/muhammed-emin-eser/.local/share/nvim/mason/packages/lua-language-server/libexec/meta/Lua%205.4%20en-us%20utf8/os.lua
[01:02:43.928][info] [#0:script/workspace/loading.lua:100]: Preload file at: file:///home/muhammed-emin-eser/.local/share/nvim/mason/packages/lua-language-server/libexec/meta/LuaJIT%20en-us%20utf8/debug.lua , size = 7.310 KB
[01:02:43.930][info] [#0:script/workspace/loading.lua:112]: ++++As library of:	file:///home/muhammed-emin-eser/.local/share/nvim/mason/packages/lua-language-server/libexec/meta/LuaJIT%20en-us%20utf8/debug.lua
[01:02:43.930][info] [#0:script/workspace/loading.lua:100]: Preload file at: file:///home/muhammed-emin-eser/.local/share/nvim/mason/packages/lua-language-server/libexec/meta/Lua%205.4%20en-us%20utf8/basic.lua , size = 17.330 KB
[01:02:43.936][info] [#0:script/workspace/loading.lua:112]: ++++As library of:	file:///home/muhammed-emin-eser/.local/share/nvim/mason/packages/lua-language-server/libexec/meta/Lua%205.4%20en-us%20utf8/basic.lua
[01:02:43.936][info] [#0:script/workspace/loading.lua:100]: Preload file at: file:///home/muhammed-emin-eser/.local/share/nvim/mason/packages/lua-language-server/libexec/meta/LuaJIT%20en-us%20utf8/coroutine.lua , size = 2.541 KB
[01:02:43.937][info] [#0:script/workspace/loading.lua:112]: ++++As library of:	file:///home/muhammed-emin-eser/.local/share/nvim/mason/packages/lua-language-server/libexec/meta/LuaJIT%20en-us%20utf8/coroutine.lua
[01:02:43.937][info] [#0:script/workspace/loading.lua:100]: Preload file at: file:///home/muhammed-emin-eser/.local/share/nvim/mason/packages/lua-language-server/libexec/meta/Lua%205.4%20en-us%20utf8/io.lua , size = 6.364 KB
[01:02:43.939][info] [#0:script/workspace/loading.lua:112]: ++++As library of:	file:///home/muhammed-emin-eser/.local/share/nvim/mason/packages/lua-language-server/libexec/meta/Lua%205.4%20en-us%20utf8/io.lua
[01:02:43.939][info] [#0:script/workspace/loading.lua:100]: Preload file at: file:///home/muhammed-emin-eser/.local/share/nvim/mason/packages/lua-language-server/libexec/meta/LuaJIT%20en-us%20utf8/math.lua , size = 8.035 KB
[01:02:43.943][info] [#0:script/workspace/loading.lua:112]: ++++As library of:	file:///home/muhammed-emin-eser/.local/share/nvim/mason/packages/lua-language-server/libexec/meta/LuaJIT%20en-us%20utf8/math.lua
[01:02:43.943][info] [#0:script/workspace/loading.lua:100]: Preload file at: file:///home/muhammed-emin-eser/.local/share/nvim/mason/packages/lua-language-server/libexec/meta/Lua%205.4%20en-us%20utf8/coroutine.lua , size = 2.590 KB
[01:02:43.943][info] [#0:script/workspace/loading.lua:112]: ++++As library of:	file:///home/muhammed-emin-eser/.local/share/nvim/mason/packages/lua-language-server/libexec/meta/Lua%205.4%20en-us%20utf8/coroutine.lua
[01:02:43.943][info] [#0:script/workspace/loading.lua:100]: Preload file at: file:///home/muhammed-emin-eser/.local/share/nvim/mason/packages/lua-language-server/libexec/meta/3rd/luv/library/uv_handle_t.lua , size = 5.129 KB
[01:02:43.945][info] [#0:script/workspace/loading.lua:112]: ++++As library of:	file:///home/muhammed-emin-eser/.local/share/nvim/mason/packages/lua-language-server/libexec/meta/3rd/luv/library
[01:02:43.945][info] [#0:script/workspace/loading.lua:100]: Preload file at: file:///home/muhammed-emin-eser/.local/share/nvim/mason/packages/lua-language-server/libexec/meta/Lua%205.4%20en-us%20utf8/math.lua , size = 8.595 KB
[01:02:43.947][info] [#0:script/workspace/loading.lua:112]: ++++As library of:	file:///home/muhammed-emin-eser/.local/share/nvim/mason/packages/lua-language-server/libexec/meta/Lua%205.4%20en-us%20utf8/math.lua
[01:02:43.947][info] [#0:script/workspace/loading.lua:100]: Preload file at: file:///home/muhammed-emin-eser/.local/share/nvim/mason/packages/lua-language-server/libexec/meta/3rd/luv/library/uv_tcp_t.lua , size = 3.923 KB
[01:02:43.949][info] [#0:script/workspace/loading.lua:112]: ++++As library of:	file:///home/muhammed-emin-eser/.local/share/nvim/mason/packages/lua-language-server/libexec/meta/3rd/luv/library
[01:02:43.949][info] [#0:script/workspace/loading.lua:100]: Preload file at: file:///home/muhammed-emin-eser/.local/share/nvim/mason/packages/lua-language-server/libexec/meta/Lua%205.4%20en-us%20utf8/table.lua , size = 5.020 KB
[01:02:43.950][info] [#0:script/workspace/loading.lua:112]: ++++As library of:	file:///home/muhammed-emin-eser/.local/share/nvim/mason/packages/lua-language-server/libexec/meta/Lua%205.4%20en-us%20utf8/table.lua
[01:02:43.950][info] [#0:script/workspace/loading.lua:100]: Preload file at: file:///home/muhammed-emin-eser/.local/share/nvim/mason/packages/lua-language-server/libexec/meta/3rd/luv/library/uv_pipe_t.lua , size = 2.988 KB
[01:02:43.951][info] [#0:script/workspace/loading.lua:112]: ++++As library of:	file:///home/muhammed-emin-eser/.local/share/nvim/mason/packages/lua-language-server/libexec/meta/3rd/luv/library
[01:02:43.951][info] [#0:script/workspace/loading.lua:100]: Preload file at: file:///home/muhammed-emin-eser/.local/share/nvim/mason/packages/lua-language-server/libexec/meta/Lua%205.4%20en-us%20utf8/debug.lua , size = 7.637 KB
[01:02:43.954][info] [#0:script/workspace/loading.lua:112]: ++++As library of:	file:///home/muhammed-emin-eser/.local/share/nvim/mason/packages/lua-language-server/libexec/meta/Lua%205.4%20en-us%20utf8/debug.lua
[01:02:43.954][info] [#0:script/workspace/loading.lua:100]: Preload file at: file:///home/muhammed-emin-eser/.local/share/nvim/mason/packages/lua-language-server/libexec/meta/3rd/luv/library/types.lua , size = 17.131 KB
[01:02:43.959][info] [#0:script/workspace/loading.lua:112]: ++++As library of:	file:///home/muhammed-emin-eser/.local/share/nvim/mason/packages/lua-language-server/libexec/meta/3rd/luv/library
[01:02:43.959][info] [#0:script/workspace/loading.lua:100]: Preload file at: file:///home/muhammed-emin-eser/.local/share/nvim/mason/packages/lua-language-server/libexec/meta/Lua%205.4%20en-us%20utf8/string.lua , size = 6.389 KB
[01:02:43.962][info] [#0:script/workspace/loading.lua:112]: ++++As library of:	file:///home/muhammed-emin-eser/.local/share/nvim/mason/packages/lua-language-server/libexec/meta/Lua%205.4%20en-us%20utf8/string.lua
[01:02:43.962][info] [#0:script/workspace/loading.lua:100]: Preload file at: file:///home/muhammed-emin-eser/.local/share/nvim/mason/packages/lua-language-server/libexec/meta/3rd/luv/library/uv_stream_t.lua , size = 5.906 KB
[01:02:43.964][info] [#0:script/workspace/loading.lua:112]: ++++As library of:	file:///home/muhammed-emin-eser/.local/share/nvim/mason/packages/lua-language-server/libexec/meta/3rd/luv/library
[01:02:43.964][info] [#0:script/workspace/loading.lua:100]: Preload file at: file:///home/muhammed-emin-eser/.local/share/nvim/mason/packages/lua-language-server/libexec/meta/Lua%205.4%20en-us%20utf8/builtin.lua , size = 0.302 KB
[01:02:43.964][info] [#0:script/workspace/loading.lua:112]: ++++As library of:	file:///home/muhammed-emin-eser/.local/share/nvim/mason/packages/lua-language-server/libexec/meta/Lua%205.4%20en-us%20utf8/builtin.lua
[01:02:43.964][info] [#0:script/workspace/loading.lua:100]: Preload file at: file:///home/muhammed-emin-eser/.local/share/nvim/mason/packages/lua-language-server/libexec/meta/3rd/luv/library/uv_tty_t.lua , size = 1.135 KB
[01:02:43.965][info] [#0:script/workspace/loading.lua:112]: ++++As library of:	file:///home/muhammed-emin-eser/.local/share/nvim/mason/packages/lua-language-server/libexec/meta/3rd/luv/library
[01:02:43.965][info] [#0:script/workspace/loading.lua:100]: Preload file at: file:///home/muhammed-emin-eser/.local/share/nvim/mason/packages/lua-language-server/libexec/meta/3rd/luv/library/uv_udp_t.lua , size = 5.970 KB
[01:02:43.968][info] [#0:script/workspace/loading.lua:112]: ++++As library of:	file:///home/muhammed-emin-eser/.local/share/nvim/mason/packages/lua-language-server/libexec/meta/3rd/luv/library
[01:02:43.968][info] [#0:script/workspace/loading.lua:100]: Preload file at: file:///home/muhammed-emin-eser/.local/share/nvim/mason/packages/lua-language-server/libexec/meta/3rd/luv/library/uv.lua , size = 98.128 KB
[01:02:43.996][info] [#0:script/workspace/loading.lua:112]: ++++As library of:	file:///home/muhammed-emin-eser/.local/share/nvim/mason/packages/lua-language-server/libexec/meta/3rd/luv/library
[01:02:43.996][info] [#0:script/workspace/loading.lua:100]: Preload file at: file:///home/muhammed-emin-eser/.local/share/nvim/mason/packages/lua-language-server/libexec/meta/3rd/luv/library/uv_process_t.lua , size = 0.617 KB
[01:02:43.996][info] [#0:script/workspace/loading.lua:112]: ++++As library of:	file:///home/muhammed-emin-eser/.local/share/nvim/mason/packages/lua-language-server/libexec/meta/3rd/luv/library
[01:02:43.996][info] [#0:script/workspace/loading.lua:100]: Preload file at: file:///home/muhammed-emin-eser/.local/share/nvim/mason/packages/lua-language-server/libexec/meta/3rd/luv/library/uv_poll_t.lua , size = 2.646 KB
[01:02:43.997][info] [#0:script/workspace/loading.lua:112]: ++++As library of:	file:///home/muhammed-emin-eser/.local/share/nvim/mason/packages/lua-language-server/libexec/meta/3rd/luv/library
[01:02:43.997][info] [#0:script/workspace/loading.lua:100]: Preload file at: file:///home/muhammed-emin-eser/.local/share/nvim/mason/packages/lua-language-server/libexec/meta/3rd/luv/library/luv_thread_t.lua , size = 0.500 KB
[01:02:43.997][info] [#0:script/workspace/loading.lua:112]: ++++As library of:	file:///home/muhammed-emin-eser/.local/share/nvim/mason/packages/lua-language-server/libexec/meta/3rd/luv/library
[01:02:43.997][info] [#0:script/workspace/loading.lua:100]: Preload file at: file:///home/muhammed-emin-eser/.local/share/nvim/mason/packages/lua-language-server/libexec/meta/3rd/luv/library/uv_prepare_t.lua , size = 0.716 KB
[01:02:43.998][info] [#0:script/workspace/loading.lua:112]: ++++As library of:	file:///home/muhammed-emin-eser/.local/share/nvim/mason/packages/lua-language-server/libexec/meta/3rd/luv/library
[01:02:43.998][info] [#0:script/workspace/loading.lua:100]: Preload file at: file:///home/muhammed-emin-eser/.local/share/nvim/mason/packages/lua-language-server/libexec/meta/3rd/luv/library/luv_work_ctx_t.lua , size = 0.530 KB
[01:02:43.998][info] [#0:script/workspace/loading.lua:112]: ++++As library of:	file:///home/muhammed-emin-eser/.local/share/nvim/mason/packages/lua-language-server/libexec/meta/3rd/luv/library
[01:02:43.998][info] [#0:script/workspace/loading.lua:100]: Preload file at: file:///home/muhammed-emin-eser/.local/share/nvim/mason/packages/lua-language-server/libexec/meta/3rd/luv/library/uv_signal_t.lua , size = 2.997 KB
[01:02:43.999][info] [#0:script/workspace/loading.lua:112]: ++++As library of:	file:///home/muhammed-emin-eser/.local/share/nvim/mason/packages/lua-language-server/libexec/meta/3rd/luv/library
[01:02:43.999][info] [#0:script/workspace/loading.lua:100]: Preload file at: file:///home/muhammed-emin-eser/.local/share/nvim/mason/packages/lua-language-server/libexec/meta/3rd/luv/library/uv_idle_t.lua , size = 1.074 KB
[01:02:43.999][info] [#0:script/workspace/loading.lua:112]: ++++As library of:	file:///home/muhammed-emin-eser/.local/share/nvim/mason/packages/lua-language-server/libexec/meta/3rd/luv/library
[01:02:43.999][info] [#0:script/workspace/loading.lua:100]: Preload file at: file:///home/muhammed-emin-eser/.local/share/nvim/mason/packages/lua-language-server/libexec/meta/3rd/luv/library/uv_req_t.lua , size = 0.705 KB
[01:02:44.000][info] [#0:script/workspace/loading.lua:112]: ++++As library of:	file:///home/muhammed-emin-eser/.local/share/nvim/mason/packages/lua-language-server/libexec/meta/3rd/luv/library
[01:02:44.000][info] [#0:script/workspace/loading.lua:100]: Preload file at: file:///home/muhammed-emin-eser/.local/share/nvim/mason/packages/lua-language-server/libexec/meta/3rd/luv/library/uv_fs_poll_t.lua , size = 1.140 KB
[01:02:44.001][info] [#0:script/workspace/loading.lua:112]: ++++As library of:	file:///home/muhammed-emin-eser/.local/share/nvim/mason/packages/lua-language-server/libexec/meta/3rd/luv/library
[01:02:44.001][info] [#0:script/workspace/loading.lua:100]: Preload file at: file:///home/muhammed-emin-eser/.local/share/nvim/mason/packages/lua-language-server/libexec/meta/3rd/luv/library/uv_timer_t.lua , size = 1.999 KB
[01:02:44.001][info] [#0:script/workspace/loading.lua:112]: ++++As library of:	file:///home/muhammed-emin-eser/.local/share/nvim/mason/packages/lua-language-server/libexec/meta/3rd/luv/library
[01:02:44.001][info] [#0:script/workspace/loading.lua:100]: Preload file at: file:///home/muhammed-emin-eser/.local/share/nvim/mason/packages/lua-language-server/libexec/meta/3rd/luv/library/errors.lua , size = 15.165 KB
[01:02:44.004][info] [#0:script/workspace/loading.lua:112]: ++++As library of:	file:///home/muhammed-emin-eser/.local/share/nvim/mason/packages/lua-language-server/libexec/meta/3rd/luv/library
[01:02:44.004][info] [#0:script/workspace/loading.lua:100]: Preload file at: file:///home/muhammed-emin-eser/.local/share/nvim/mason/packages/lua-language-server/libexec/meta/3rd/luv/library/luv_dir_t.lua , size = 1.056 KB
[01:02:44.005][info] [#0:script/workspace/loading.lua:112]: ++++As library of:	file:///home/muhammed-emin-eser/.local/share/nvim/mason/packages/lua-language-server/libexec/meta/3rd/luv/library
[01:02:44.005][info] [#0:script/workspace/loading.lua:100]: Preload file at: file:///home/muhammed-emin-eser/.local/share/nvim/mason/packages/lua-language-server/libexec/meta/3rd/luv/library/uv_async_t.lua , size = 1.058 KB
[01:02:44.006][info] [#0:script/workspace/loading.lua:112]: ++++As library of:	file:///home/muhammed-emin-eser/.local/share/nvim/mason/packages/lua-language-server/libexec/meta/3rd/luv/library
[01:02:44.006][info] [#0:script/workspace/loading.lua:100]: Preload file at: file:///home/muhammed-emin-eser/.local/share/nvim/mason/packages/lua-language-server/libexec/meta/3rd/luv/library/uv_check_t.lua , size = 0.694 KB
[01:02:44.006][info] [#0:script/workspace/loading.lua:112]: ++++As library of:	file:///home/muhammed-emin-eser/.local/share/nvim/mason/packages/lua-language-server/libexec/meta/3rd/luv/library
[01:02:44.006][info] [#0:script/workspace/loading.lua:100]: Preload file at: file:///home/muhammed-emin-eser/.local/share/nvim/mason/packages/lua-language-server/libexec/meta/3rd/luv/library/uv_fs_event_t.lua , size = 1.033 KB
[01:02:44.006][info] [#0:script/workspace/loading.lua:112]: ++++As library of:	file:///home/muhammed-emin-eser/.local/share/nvim/mason/packages/lua-language-server/libexec/meta/3rd/luv/library
[01:02:44.007][info] [#0:script/workspace/loading.lua:100]: Preload file at: file:///home/muhammed-emin-eser/.local/share/nvim/mason/packages/lua-language-server/libexec/meta/LuaJIT%20en-us%20utf8/jit.lua , size = 0.884 KB
[01:02:44.007][info] [#0:script/workspace/loading.lua:112]: ++++As library of:	file:///home/muhammed-emin-eser/.local/share/nvim/mason/packages/lua-language-server/libexec/meta/LuaJIT%20en-us%20utf8/jit.lua
[01:02:44.007][info] [#0:script/workspace/loading.lua:100]: Preload file at: file:///home/muhammed-emin-eser/.local/share/nvim/mason/packages/lua-language-server/libexec/meta/LuaJIT%20en-us%20utf8/string/buffer.lua , size = 18.057 KB
[01:02:44.010][info] [#0:script/workspace/loading.lua:112]: ++++As library of:	file:///home/muhammed-emin-eser/.local/share/nvim/mason/packages/lua-language-server/libexec/meta/LuaJIT%20en-us%20utf8/string/buffer.lua
[01:02:44.010][info] [#0:script/workspace/loading.lua:100]: Preload file at: file:///home/muhammed-emin-eser/.local/share/nvim/mason/packages/lua-language-server/libexec/meta/LuaJIT%20en-us%20utf8/table/clear.lua , size = 0.797 KB
[01:02:44.011][info] [#0:script/workspace/loading.lua:112]: ++++As library of:	file:///home/muhammed-emin-eser/.local/share/nvim/mason/packages/lua-language-server/libexec/meta/LuaJIT%20en-us%20utf8/table/clear.lua
[01:02:44.011][info] [#0:script/workspace/loading.lua:100]: Preload file at: file:///home/muhammed-emin-eser/.local/share/nvim/lazy/lazy.nvim/lua/lazy/status.lua , size = 0.353 KB
[01:02:44.013][info] [#0:script/workspace/loading.lua:112]: ++++As library of:	file:///home/muhammed-emin-eser/.local/share/nvim/lazy/lazy.nvim/lua
[01:02:44.014][info] [#0:script/workspace/loading.lua:100]: Preload file at: file:///home/muhammed-emin-eser/.local/share/nvim/lazy/lazy.nvim/lua/lazy/health.lua , size = 5.792 KB
[01:02:44.017][info] [#0:script/workspace/loading.lua:112]: ++++As library of:	file:///home/muhammed-emin-eser/.local/share/nvim/lazy/lazy.nvim/lua
[01:02:44.017][info] [#0:script/workspace/loading.lua:100]: Preload file at: file:///home/muhammed-emin-eser/.local/share/nvim/lazy/lazy.nvim/lua/lazy/init.lua , size = 3.749 KB
[01:02:44.020][info] [#0:script/workspace/loading.lua:112]: ++++As library of:	file:///home/muhammed-emin-eser/.local/share/nvim/lazy/lazy.nvim/lua
[01:02:44.020][info] [#0:script/workspace/loading.lua:100]: Preload file at: file:///home/muhammed-emin-eser/.local/share/nvim/lazy/lazy.nvim/lua/lazy/manage/init.lua , size = 5.940 KB
[01:02:44.023][info] [#0:script/workspace/loading.lua:112]: ++++As library of:	file:///home/muhammed-emin-eser/.local/share/nvim/lazy/lazy.nvim/lua
[01:02:44.023][info] [#0:script/workspace/loading.lua:100]: Preload file at: file:///home/muhammed-emin-eser/.local/share/nvim/lazy/lazy.nvim/lua/lazy/manage/process.lua , size = 5.447 KB
[01:02:44.027][info] [#0:script/workspace/loading.lua:112]: ++++As library of:	file:///home/muhammed-emin-eser/.local/share/nvim/lazy/lazy.nvim/lua
[01:02:44.027][info] [#0:script/workspace/loading.lua:100]: Preload file at: file:///home/muhammed-emin-eser/.local/share/nvim/lazy/lazy.nvim/lua/lazy/manage/semver.lua , size = 4.455 KB
[01:02:44.030][info] [#0:script/workspace/loading.lua:112]: ++++As library of:	file:///home/muhammed-emin-eser/.local/share/nvim/lazy/lazy.nvim/lua
[01:02:44.030][info] [#0:script/workspace/loading.lua:100]: Preload file at: file:///home/muhammed-emin-eser/.local/share/nvim/lazy/lazy.nvim/lua/lazy/manage/lock.lua , size = 1.668 KB
[01:02:44.031][info] [#0:script/workspace/loading.lua:112]: ++++As library of:	file:///home/muhammed-emin-eser/.local/share/nvim/lazy/lazy.nvim/lua
[01:02:44.031][info] [#0:script/workspace/loading.lua:100]: Preload file at: file:///home/muhammed-emin-eser/.local/share/nvim/lazy/lazy.nvim/lua/lazy/manage/reloader.lua , size = 2.817 KB
[01:02:44.033][info] [#0:script/workspace/loading.lua:112]: ++++As library of:	file:///home/muhammed-emin-eser/.local/share/nvim/lazy/lazy.nvim/lua
[01:02:44.033][info] [#0:script/workspace/loading.lua:100]: Preload file at: file:///home/muhammed-emin-eser/.local/share/nvim/lazy/lazy.nvim/lua/lazy/manage/task/fs.lua , size = 1.009 KB
[01:02:44.034][info] [#0:script/workspace/loading.lua:112]: ++++As library of:	file:///home/muhammed-emin-eser/.local/share/nvim/lazy/lazy.nvim/lua
[01:02:44.034][info] [#0:script/workspace/loading.lua:100]: Preload file at: file:///home/muhammed-emin-eser/.local/share/nvim/lazy/lazy.nvim/lua/lazy/manage/task/init.lua , size = 5.805 KB
[01:02:44.038][info] [#0:script/workspace/loading.lua:112]: ++++As library of:	file:///home/muhammed-emin-eser/.local/share/nvim/lazy/lazy.nvim/lua
[01:02:44.038][info] [#0:script/workspace/loading.lua:100]: Preload file at: file:///home/muhammed-emin-eser/.local/share/nvim/lazy/lazy.nvim/lua/lazy/manage/task/plugin.lua , size = 2.765 KB
[01:02:44.040][info] [#0:script/workspace/loading.lua:112]: ++++As library of:	file:///home/muhammed-emin-eser/.local/share/nvim/lazy/lazy.nvim/lua
[01:02:44.040][info] [#0:script/workspace/loading.lua:100]: Preload file at: file:///home/muhammed-emin-eser/.local/share/nvim/lazy/lazy.nvim/lua/lazy/manage/task/git.lua , size = 10.135 KB
[01:02:44.049][info] [#0:script/workspace/loading.lua:112]: ++++As library of:	file:///home/muhammed-emin-eser/.local/share/nvim/lazy/lazy.nvim/lua
[01:02:44.049][info] [#0:script/workspace/loading.lua:100]: Preload file at: file:///home/muhammed-emin-eser/.local/share/nvim/lazy/lazy.nvim/lua/lazy/manage/checker.lua , size = 2.479 KB
[01:02:44.050][info] [#0:script/workspace/loading.lua:112]: ++++As library of:	file:///home/muhammed-emin-eser/.local/share/nvim/lazy/lazy.nvim/lua
[01:02:44.050][info] [#0:script/workspace/loading.lua:100]: Preload file at: file:///home/muhammed-emin-eser/.local/share/nvim/lazy/lazy.nvim/lua/lazy/manage/git.lua , size = 6.279 KB
[01:02:44.053][info] [#0:script/workspace/loading.lua:112]: ++++As library of:	file:///home/muhammed-emin-eser/.local/share/nvim/lazy/lazy.nvim/lua
[01:02:44.053][info] [#0:script/workspace/loading.lua:100]: Preload file at: file:///home/muhammed-emin-eser/.local/share/nvim/lazy/lazy.nvim/lua/lazy/manage/runner.lua , size = 4.847 KB
[01:02:44.055][info] [#0:script/workspace/loading.lua:112]: ++++As library of:	file:///home/muhammed-emin-eser/.local/share/nvim/lazy/lazy.nvim/lua
[01:02:44.055][info] [#0:script/workspace/loading.lua:100]: Preload file at: file:///home/muhammed-emin-eser/.local/share/nvim/lazy/lazy.nvim/lua/lazy/core/handler/init.lua , size = 3.170 KB
[01:02:44.056][info] [#0:script/workspace/loading.lua:112]: ++++As library of:	file:///home/muhammed-emin-eser/.local/share/nvim/lazy/lazy.nvim/lua
[01:02:44.056][info] [#0:script/workspace/loading.lua:100]: Preload file at: file:///home/muhammed-emin-eser/.local/share/nvim/lazy/lazy.nvim/lua/lazy/core/handler/ft.lua , size = 0.442 KB
[01:02:44.056][info] [#0:script/workspace/loading.lua:112]: ++++As library of:	file:///home/muhammed-emin-eser/.local/share/nvim/lazy/lazy.nvim/lua
[01:02:44.056][info] [#0:script/workspace/loading.lua:100]: Preload file at: file:///home/muhammed-emin-eser/.local/share/nvim/lazy/lazy.nvim/lua/lazy/core/handler/keys.lua , size = 5.302 KB
[01:02:44.059][info] [#0:script/workspace/loading.lua:112]: ++++As library of:	file:///home/muhammed-emin-eser/.local/share/nvim/lazy/lazy.nvim/lua
[01:02:44.059][info] [#0:script/workspace/loading.lua:100]: Preload file at: file:///home/muhammed-emin-eser/.local/share/nvim/lazy/lazy.nvim/lua/lazy/core/handler/cmd.lua , size = 1.638 KB
[01:02:44.060][info] [#0:script/workspace/loading.lua:112]: ++++As library of:	file:///home/muhammed-emin-eser/.local/share/nvim/lazy/lazy.nvim/lua
[01:02:44.060][info] [#0:script/workspace/loading.lua:100]: Preload file at: file:///home/muhammed-emin-eser/.local/share/nvim/lazy/lazy.nvim/lua/lazy/core/handler/event.lua , size = 4.956 KB
[01:02:44.062][info] [#0:script/workspace/loading.lua:112]: ++++As library of:	file:///home/muhammed-emin-eser/.local/share/nvim/lazy/lazy.nvim/lua
[01:02:44.062][info] [#0:script/workspace/loading.lua:100]: Preload file at: file:///home/muhammed-emin-eser/.local/share/nvim/lazy/lazy.nvim/lua/lazy/core/config.lua , size = 12.009 KB
[01:02:44.065][info] [#0:script/workspace/loading.lua:112]: ++++As library of:	file:///home/muhammed-emin-eser/.local/share/nvim/lazy/lazy.nvim/lua
[01:02:44.065][info] [#0:script/workspace/loading.lua:100]: Preload file at: file:///home/muhammed-emin-eser/.local/share/nvim/lazy/lazy.nvim/lua/lazy/core/cache.lua , size = 16.584 KB
[01:02:44.071][info] [#0:script/workspace/loading.lua:112]: ++++As library of:	file:///home/muhammed-emin-eser/.local/share/nvim/lazy/lazy.nvim/lua
[01:02:44.071][info] [#0:script/workspace/loading.lua:100]: Preload file at: file:///home/muhammed-emin-eser/.local/share/nvim/lazy/lazy.nvim/lua/lazy/core/plugin.lua , size = 12.541 KB
[01:02:44.075][info] [#0:script/workspace/loading.lua:112]: ++++As library of:	file:///home/muhammed-emin-eser/.local/share/nvim/lazy/lazy.nvim/lua
[01:02:44.076][info] [#0:script/workspace/loading.lua:100]: Preload file at: file:///home/muhammed-emin-eser/.local/share/nvim/lazy/lazy.nvim/lua/lazy/core/util.lua , size = 12.348 KB
[01:02:44.081][info] [#0:script/workspace/loading.lua:112]: ++++As library of:	file:///home/muhammed-emin-eser/.local/share/nvim/lazy/lazy.nvim/lua
[01:02:44.081][info] [#0:script/workspace/loading.lua:100]: Preload file at: file:///home/muhammed-emin-eser/.local/share/nvim/lazy/lazy.nvim/lua/lazy/core/meta.lua , size = 9.738 KB
[01:02:44.084][info] [#0:script/workspace/loading.lua:112]: ++++As library of:	file:///home/muhammed-emin-eser/.local/share/nvim/lazy/lazy.nvim/lua
[01:02:44.084][info] [#0:script/workspace/loading.lua:100]: Preload file at: file:///home/muhammed-emin-eser/.local/share/nvim/lazy/lazy.nvim/lua/lazy/core/loader.lua , size = 14.966 KB
[01:02:44.090][info] [#0:script/workspace/loading.lua:112]: ++++As library of:	file:///home/muhammed-emin-eser/.local/share/nvim/lazy/lazy.nvim/lua
[01:02:44.090][info] [#0:script/workspace/loading.lua:100]: Preload file at: file:///home/muhammed-emin-eser/.local/share/nvim/lazy/lazy.nvim/lua/lazy/core/fragments.lua , size = 4.215 KB
[01:02:44.092][info] [#0:script/workspace/loading.lua:112]: ++++As library of:	file:///home/muhammed-emin-eser/.local/share/nvim/lazy/lazy.nvim/lua
[01:02:44.092][info] [#0:script/workspace/loading.lua:100]: Preload file at: file:///home/muhammed-emin-eser/.local/share/nvim/lazy/lazy.nvim/lua/lazy/pkg/packspec.lua , size = 1.137 KB
[01:02:44.092][info] [#0:script/workspace/loading.lua:112]: ++++As library of:	file:///home/muhammed-emin-eser/.local/share/nvim/lazy/lazy.nvim/lua
[01:02:44.092][info] [#0:script/workspace/loading.lua:100]: Preload file at: file:///home/muhammed-emin-eser/.local/share/nvim/lazy/lazy.nvim/lua/lazy/pkg/init.lua , size = 3.186 KB
[01:02:44.094][info] [#0:script/workspace/loading.lua:112]: ++++As library of:	file:///home/muhammed-emin-eser/.local/share/nvim/lazy/lazy.nvim/lua
[01:02:44.094][info] [#0:script/workspace/loading.lua:100]: Preload file at: file:///home/muhammed-emin-eser/.local/share/nvim/lazy/lazy.nvim/lua/lazy/pkg/lazy.lua , size = 0.720 KB
[01:02:44.094][info] [#0:script/workspace/loading.lua:112]: ++++As library of:	file:///home/muhammed-emin-eser/.local/share/nvim/lazy/lazy.nvim/lua
[01:02:44.094][info] [#0:script/workspace/loading.lua:100]: Preload file at: file:///home/muhammed-emin-eser/.local/share/nvim/lazy/lazy.nvim/lua/lazy/pkg/rockspec.lua , size = 8.061 KB
[01:02:44.097][info] [#0:script/workspace/loading.lua:112]: ++++As library of:	file:///home/muhammed-emin-eser/.local/share/nvim/lazy/lazy.nvim/lua
[01:02:44.097][info] [#0:script/workspace/loading.lua:100]: Preload file at: file:///home/muhammed-emin-eser/.local/share/nvim/lazy/lazy.nvim/lua/lazy/types.lua , size = 3.755 KB
[01:02:44.099][info] [#0:script/workspace/loading.lua:112]: ++++As library of:	file:///home/muhammed-emin-eser/.local/share/nvim/lazy/lazy.nvim/lua
[01:02:44.099][info] [#0:script/workspace/loading.lua:100]: Preload file at: file:///home/muhammed-emin-eser/.local/share/nvim/lazy/lazy.nvim/lua/lazy/community/init.lua , size = 0.511 KB
[01:02:44.099][info] [#0:script/workspace/loading.lua:112]: ++++As library of:	file:///home/muhammed-emin-eser/.local/share/nvim/lazy/lazy.nvim/lua
[01:02:44.099][info] [#0:script/workspace/loading.lua:100]: Preload file at: file:///home/muhammed-emin-eser/.local/share/nvim/lazy/lazy.nvim/lua/lazy/community/_generated.lua , size = 65.702 KB
[01:02:44.110][info] [#0:script/workspace/loading.lua:112]: ++++As library of:	file:///home/muhammed-emin-eser/.local/share/nvim/lazy/lazy.nvim/lua
[01:02:44.111][info] [#0:script/workspace/loading.lua:172]: Loaded files takes [0.210] sec: <fallback>
[01:02:44.111][info] [#0:script/workspace/loading.lua:181]: Compile files takes [0.000] sec: <fallback>
[01:02:44.111][info] [#0:script/workspace/loading.lua:182]: Loaded finish:	<fallback>
[01:02:44.111][info] [#0:script/workspace/workspace.lua:387]: Preload finish at:	<fallback>
[01:02:44.118][info] [#0:script/workspace/loading.lua:100]: Preload file at: file:///home/muhammed-emin-eser/.local/share/nvim/lazy/lazy.nvim/lua/lazy/community/specs.lua , size = 0.115 KB
[01:02:44.119][info] [#0:script/workspace/loading.lua:112]: ++++As library of:	file:///home/muhammed-emin-eser/.local/share/nvim/lazy/lazy.nvim/lua
[01:02:44.119][info] [#0:script/workspace/loading.lua:100]: Preload file at: file:///home/muhammed-emin-eser/.local/share/nvim/lazy/lazy.nvim/lua/lazy/help.lua , size = 2.216 KB
[01:02:44.120][info] [#0:script/workspace/loading.lua:112]: ++++As library of:	file:///home/muhammed-emin-eser/.local/share/nvim/lazy/lazy.nvim/lua
[01:02:44.120][info] [#0:script/workspace/loading.lua:100]: Preload file at: file:///home/muhammed-emin-eser/.local/share/nvim/lazy/lazy.nvim/lua/lazy/terminal.lua , size = 2.394 KB
[01:02:44.121][info] [#0:script/workspace/loading.lua:112]: ++++As library of:	file:///home/muhammed-emin-eser/.local/share/nvim/lazy/lazy.nvim/lua
[01:02:44.121][info] [#0:script/workspace/loading.lua:100]: Preload file at: file:///home/muhammed-emin-eser/.local/share/nvim/lazy/lazy.nvim/lua/lazy/async.lua , size = 4.302 KB
[01:02:44.123][info] [#0:script/workspace/loading.lua:112]: ++++As library of:	file:///home/muhammed-emin-eser/.local/share/nvim/lazy/lazy.nvim/lua
[01:02:44.123][info] [#0:script/workspace/loading.lua:100]: Preload file at: file:///home/muhammed-emin-eser/.local/share/nvim/lazy/lazy.nvim/lua/lazy/build.lua , size = 4.072 KB
[01:02:44.125][info] [#0:script/workspace/loading.lua:112]: ++++As library of:	file:///home/muhammed-emin-eser/.local/share/nvim/lazy/lazy.nvim/lua
[01:02:44.125][info] [#0:script/workspace/loading.lua:100]: Preload file at: file:///home/muhammed-emin-eser/.local/share/nvim/lazy/lazy.nvim/lua/lazy/util.lua , size = 6.888 KB
[01:02:44.128][info] [#0:script/workspace/loading.lua:112]: ++++As library of:	file:///home/muhammed-emin-eser/.local/share/nvim/lazy/lazy.nvim/lua
[01:02:44.128][info] [#0:script/workspace/loading.lua:100]: Preload file at: file:///home/muhammed-emin-eser/.local/share/nvim/lazy/lazy.nvim/lua/lazy/docs.lua , size = 4.920 KB
[01:02:44.132][info] [#0:script/workspace/loading.lua:112]: ++++As library of:	file:///home/muhammed-emin-eser/.local/share/nvim/lazy/lazy.nvim/lua
[01:02:44.132][info] [#0:script/workspace/loading.lua:100]: Preload file at: file:///home/muhammed-emin-eser/.local/share/nvim/lazy/lazy.nvim/lua/lazy/state.lua , size = 0.859 KB
[01:02:44.133][info] [#0:script/workspace/loading.lua:112]: ++++As library of:	file:///home/muhammed-emin-eser/.local/share/nvim/lazy/lazy.nvim/lua
[01:02:44.133][info] [#0:script/workspace/loading.lua:100]: Preload file at: file:///home/muhammed-emin-eser/.local/share/nvim/lazy/lazy.nvim/lua/lazy/example.lua , size = 2.644 KB
[01:02:44.134][info] [#0:script/workspace/loading.lua:112]: ++++As library of:	file:///home/muhammed-emin-eser/.local/share/nvim/lazy/lazy.nvim/lua
[01:02:44.134][info] [#0:script/workspace/loading.lua:100]: Preload file at: file:///home/muhammed-emin-eser/.local/share/nvim/lazy/lazy.nvim/lua/lazy/view/init.lua , size = 9.394 KB
[01:02:44.139][info] [#0:script/workspace/loading.lua:112]: ++++As library of:	file:///home/muhammed-emin-eser/.local/share/nvim/lazy/lazy.nvim/lua
[01:02:44.140][info] [#0:script/workspace/loading.lua:100]: Preload file at: file:///home/muhammed-emin-eser/.local/share/nvim/lazy/lazy.nvim/lua/lazy/view/text.lua , size = 3.813 KB
[01:02:44.142][info] [#0:script/workspace/loading.lua:112]: ++++As library of:	file:///home/muhammed-emin-eser/.local/share/nvim/lazy/lazy.nvim/lua
[01:02:44.142][info] [#0:script/workspace/loading.lua:100]: Preload file at: file:///home/muhammed-emin-eser/.local/share/nvim/lazy/lazy.nvim/lua/lazy/view/config.lua , size = 3.507 KB
[01:02:44.144][info] [#0:script/workspace/loading.lua:112]: ++++As library of:	file:///home/muhammed-emin-eser/.local/share/nvim/lazy/lazy.nvim/lua
[01:02:44.144][info] [#0:script/workspace/loading.lua:100]: Preload file at: file:///home/muhammed-emin-eser/.local/share/nvim/lazy/lazy.nvim/lua/lazy/view/diff.lua , size = 1.585 KB
[01:02:44.145][info] [#0:script/workspace/loading.lua:112]: ++++As library of:	file:///home/muhammed-emin-eser/.local/share/nvim/lazy/lazy.nvim/lua
[01:02:44.145][info] [#0:script/workspace/loading.lua:100]: Preload file at: file:///home/muhammed-emin-eser/.local/share/nvim/lazy/lazy.nvim/lua/lazy/view/sections.lua , size = 2.430 KB
[01:02:44.146][info] [#0:script/workspace/loading.lua:112]: ++++As library of:	file:///home/muhammed-emin-eser/.local/share/nvim/lazy/lazy.nvim/lua
[01:02:44.146][info] [#0:script/workspace/loading.lua:100]: Preload file at: file:///home/muhammed-emin-eser/.local/share/nvim/lazy/lazy.nvim/lua/lazy/view/colors.lua , size = 1.820 KB
[01:02:44.148][info] [#0:script/workspace/loading.lua:112]: ++++As library of:	file:///home/muhammed-emin-eser/.local/share/nvim/lazy/lazy.nvim/lua
[01:02:44.148][info] [#0:script/workspace/loading.lua:100]: Preload file at: file:///home/muhammed-emin-eser/.local/share/nvim/lazy/lazy.nvim/lua/lazy/view/commands.lua , size = 3.899 KB
[01:02:44.150][info] [#0:script/workspace/loading.lua:112]: ++++As library of:	file:///home/muhammed-emin-eser/.local/share/nvim/lazy/lazy.nvim/lua
[01:02:44.150][info] [#0:script/workspace/loading.lua:100]: Preload file at: file:///home/muhammed-emin-eser/.local/share/nvim/lazy/lazy.nvim/lua/lazy/view/float.lua , size = 9.536 KB
[01:02:44.156][info] [#0:script/workspace/loading.lua:112]: ++++As library of:	file:///home/muhammed-emin-eser/.local/share/nvim/lazy/lazy.nvim/lua
[01:02:44.156][info] [#0:script/workspace/loading.lua:100]: Preload file at: file:///home/muhammed-emin-eser/.local/share/nvim/lazy/lazy.nvim/lua/lazy/view/render.lua , size = 23.064 KB
[01:02:44.169][info] [#0:script/workspace/loading.lua:112]: ++++As library of:	file:///home/muhammed-emin-eser/.local/share/nvim/lazy/lazy.nvim/lua
[01:02:44.169][info] [#0:script/workspace/loading.lua:100]: Preload file at: file:///home/muhammed-emin-eser/.local/share/nvim/lazy/lazy.nvim/lua/lazy/stats.lua , size = 2.215 KB
[01:02:44.171][info] [#0:script/workspace/loading.lua:112]: ++++As library of:	file:///home/muhammed-emin-eser/.local/share/nvim/lazy/lazy.nvim/lua
[01:02:44.171][info] [#0:script/workspace/loading.lua:100]: Preload file at: file:///home/muhammed-emin-eser/.local/share/nvim/lazy/lazy.nvim/lua/lazy/minit.lua , size = 5.172 KB
[01:02:44.174][info] [#0:script/workspace/loading.lua:112]: ++++As library of:	file:///home/muhammed-emin-eser/.local/share/nvim/lazy/lazy.nvim/lua
[01:02:44.174][info] [#0:script/workspace/loading.lua:100]: Preload file at: file:///home/muhammed-emin-eser/.local/share/nvim/lazy/LazyVim/lua/lazyvim/health.lua , size = 1.700 KB
[01:02:44.175][info] [#0:script/workspace/loading.lua:112]: ++++As library of:	file:///home/muhammed-emin-eser/.local/share/nvim/lazy/LazyVim/lua
[01:02:44.175][info] [#0:script/workspace/loading.lua:100]: Preload file at: file:///home/muhammed-emin-eser/.local/share/nvim/lazy/LazyVim/lua/lazyvim/init.lua , size = 0.146 KB
[01:02:44.175][info] [#0:script/workspace/loading.lua:112]: ++++As library of:	file:///home/muhammed-emin-eser/.local/share/nvim/lazy/LazyVim/lua
[01:02:44.175][info] [#0:script/workspace/loading.lua:100]: Preload file at: file:///home/muhammed-emin-eser/.local/share/nvim/lazy/LazyVim/lua/lazyvim/types.lua , size = 0.644 KB
[01:02:44.176][info] [#0:script/workspace/loading.lua:112]: ++++As library of:	file:///home/muhammed-emin-eser/.local/share/nvim/lazy/LazyVim/lua
[01:02:44.176][info] [#0:script/workspace/loading.lua:100]: Preload file at: file:///home/muhammed-emin-eser/.local/share/nvim/lazy/LazyVim/lua/lazyvim/plugins/coding.lua , size = 3.036 KB
[01:02:44.177][info] [#0:script/workspace/loading.lua:112]: ++++As library of:	file:///home/muhammed-emin-eser/.local/share/nvim/lazy/LazyVim/lua
[01:02:44.177][info] [#0:script/workspace/loading.lua:100]: Preload file at: file:///home/muhammed-emin-eser/.local/share/nvim/lazy/LazyVim/lua/lazyvim/plugins/editor.lua , size = 8.971 KB
[01:02:44.180][info] [#0:script/workspace/loading.lua:112]: ++++As library of:	file:///home/muhammed-emin-eser/.local/share/nvim/lazy/LazyVim/lua
[01:02:44.180][info] [#0:script/workspace/loading.lua:100]: Preload file at: file:///home/muhammed-emin-eser/.local/share/nvim/lazy/LazyVim/lua/lazyvim/plugins/init.lua , size = 0.918 KB
[01:02:44.196][info] [#0:script/workspace/loading.lua:112]: ++++As library of:	file:///home/muhammed-emin-eser/.local/share/nvim/lazy/LazyVim/lua
[01:02:44.197][info] [#0:script/workspace/loading.lua:100]: Preload file at: file:///home/muhammed-emin-eser/.local/share/nvim/lazy/LazyVim/lua/lazyvim/plugins/extras/test/core.lua , size = 4.968 KB
[01:02:44.198][info] [#0:script/workspace/loading.lua:112]: ++++As library of:	file:///home/muhammed-emin-eser/.local/share/nvim/lazy/LazyVim/lua
[01:02:44.198][info] [#0:script/workspace/loading.lua:100]: Preload file at: file:///home/muhammed-emin-eser/.local/share/nvim/lazy/LazyVim/lua/lazyvim/plugins/extras/dap/nlua.lua , size = 1.084 KB
[01:02:44.199][info] [#0:script/workspace/loading.lua:112]: ++++As library of:	file:///home/muhammed-emin-eser/.local/share/nvim/lazy/LazyVim/lua
[01:02:44.199][info] [#0:script/workspace/loading.lua:100]: Preload file at: file:///home/muhammed-emin-eser/.local/share/nvim/lazy/LazyVim/lua/lazyvim/plugins/extras/dap/core.lua , size = 5.029 KB
[01:02:44.201][info] [#0:script/workspace/loading.lua:112]: ++++As library of:	file:///home/muhammed-emin-eser/.local/share/nvim/lazy/LazyVim/lua
[01:02:44.201][info] [#0:script/workspace/loading.lua:100]: Preload file at: file:///home/muhammed-emin-eser/.local/share/nvim/lazy/LazyVim/lua/lazyvim/plugins/extras/linting/eslint.lua , size = 1.034 KB
[01:02:44.201][info] [#0:script/workspace/loading.lua:112]: ++++As library of:	file:///home/muhammed-emin-eser/.local/share/nvim/lazy/LazyVim/lua
[01:02:44.201][info] [#0:script/workspace/loading.lua:100]: Preload file at: file:///home/muhammed-emin-eser/.local/share/nvim/lazy/LazyVim/lua/lazyvim/plugins/extras/lang/prisma.lua , size = 0.314 KB
[01:02:44.201][info] [#0:script/workspace/loading.lua:112]: ++++As library of:	file:///home/muhammed-emin-eser/.local/share/nvim/lazy/LazyVim/lua
[01:02:44.201][info] [#0:script/workspace/loading.lua:100]: Preload file at: file:///home/muhammed-emin-eser/.local/share/nvim/lazy/LazyVim/lua/lazyvim/plugins/extras/lang/zig.lua , size = 0.538 KB
[01:02:44.201][info] [#0:script/workspace/loading.lua:112]: ++++As library of:	file:///home/muhammed-emin-eser/.local/share/nvim/lazy/LazyVim/lua
[01:02:44.202][info] [#0:script/workspace/loading.lua:100]: Preload file at: file:///home/muhammed-emin-eser/.local/share/nvim/lazy/LazyVim/lua/lazyvim/plugins/extras/lang/ansible.lua , size = 0.632 KB
[01:02:44.202][info] [#0:script/workspace/loading.lua:112]: ++++As library of:	file:///home/muhammed-emin-eser/.local/share/nvim/lazy/LazyVim/lua
[01:02:44.202][info] [#0:script/workspace/loading.lua:100]: Preload file at: file:///home/muhammed-emin-eser/.local/share/nvim/lazy/LazyVim/lua/lazyvim/plugins/extras/lang/thrift.lua , size = 0.271 KB
[01:02:44.202][info] [#0:script/workspace/loading.lua:112]: ++++As library of:	file:///home/muhammed-emin-eser/.local/share/nvim/lazy/LazyVim/lua
[01:02:44.202][info] [#0:script/workspace/loading.lua:100]: Preload file at: file:///home/muhammed-emin-eser/.local/share/nvim/lazy/LazyVim/lua/lazyvim/plugins/extras/lang/ruby.lua , size = 2.090 KB
[01:02:44.203][info] [#0:script/workspace/loading.lua:112]: ++++As library of:	file:///home/muhammed-emin-eser/.local/share/nvim/lazy/LazyVim/lua
[01:02:44.203][info] [#0:script/workspace/loading.lua:100]: Preload file at: file:///home/muhammed-emin-eser/.local/share/nvim/lazy/LazyVim/lua/lazyvim/plugins/extras/lang/python.lua , size = 3.217 KB
[01:02:44.204][info] [#0:script/workspace/loading.lua:112]: ++++As library of:	file:///home/muhammed-emin-eser/.local/share/nvim/lazy/LazyVim/lua
[01:02:44.204][info] [#0:script/workspace/loading.lua:100]: Preload file at: file:///home/muhammed-emin-eser/.local/share/nvim/lazy/LazyVim/lua/lazyvim/plugins/extras/lang/kotlin.lua , size = 3.074 KB
[01:02:44.205][info] [#0:script/workspace/loading.lua:112]: ++++As library of:	file:///home/muhammed-emin-eser/.local/share/nvim/lazy/LazyVim/lua
[01:02:44.205][info] [#0:script/workspace/loading.lua:100]: Preload file at: file:///home/muhammed-emin-eser/.local/share/nvim/lazy/LazyVim/lua/lazyvim/plugins/extras/lang/java.lua , size = 10.279 KB
[01:02:44.208][info] [#0:script/workspace/loading.lua:112]: ++++As library of:	file:///home/muhammed-emin-eser/.local/share/nvim/lazy/LazyVim/lua
[01:02:44.208][info] [#0:script/workspace/loading.lua:100]: Preload file at: file:///home/muhammed-emin-eser/.local/share/nvim/lazy/LazyVim/lua/lazyvim/plugins/extras/lang/gleam.lua , size = 0.404 KB
[01:02:44.208][info] [#0:script/workspace/loading.lua:112]: ++++As library of:	file:///home/muhammed-emin-eser/.local/share/nvim/lazy/LazyVim/lua
[01:02:44.208][info] [#0:script/workspace/loading.lua:100]: Preload file at: file:///home/muhammed-emin-eser/.local/share/nvim/lazy/LazyVim/lua/lazyvim/plugins/extras/lang/nix.lua , size = 0.544 KB
[01:02:44.209][info] [#0:script/workspace/loading.lua:112]: ++++As library of:	file:///home/muhammed-emin-eser/.local/share/nvim/lazy/LazyVim/lua
[01:02:44.209][info] [#0:script/workspace/loading.lua:100]: Preload file at: file:///home/muhammed-emin-eser/.local/share/nvim/lazy/LazyVim/lua/lazyvim/plugins/extras/lang/ember.lua , size = 0.709 KB
[01:02:44.209][info] [#0:script/workspace/loading.lua:112]: ++++As library of:	file:///home/muhammed-emin-eser/.local/share/nvim/lazy/LazyVim/lua
[01:02:44.209][info] [#0:script/workspace/loading.lua:100]: Preload file at: file:///home/muhammed-emin-eser/.local/share/nvim/lazy/LazyVim/lua/lazyvim/plugins/extras/lang/angular.lua , size = 1.806 KB
[01:02:44.210][info] [#0:script/workspace/loading.lua:112]: ++++As library of:	file:///home/muhammed-emin-eser/.local/share/nvim/lazy/LazyVim/lua
[01:02:44.210][info] [#0:script/workspace/loading.lua:100]: Preload file at: file:///home/muhammed-emin-eser/.local/share/nvim/lazy/LazyVim/lua/lazyvim/plugins/extras/lang/typst.lua , size = 1.708 KB
[01:02:44.210][info] [#0:script/workspace/loading.lua:112]: ++++As library of:	file:///home/muhammed-emin-eser/.local/share/nvim/lazy/LazyVim/lua
[01:02:44.210][info] [#0:script/workspace/loading.lua:100]: Preload file at: file:///home/muhammed-emin-eser/.local/share/nvim/lazy/LazyVim/lua/lazyvim/plugins/extras/lang/solidity.lua , size = 0.674 KB
[01:02:44.210][info] [#0:script/workspace/loading.lua:112]: ++++As library of:	file:///home/muhammed-emin-eser/.local/share/nvim/lazy/LazyVim/lua
[01:02:44.210][info] [#0:script/workspace/loading.lua:100]: Preload file at: file:///home/muhammed-emin-eser/.local/share/nvim/lazy/LazyVim/lua/lazyvim/plugins/extras/lang/scala.lua , size = 2.627 KB
[01:02:44.211][info] [#0:script/workspace/loading.lua:112]: ++++As library of:	file:///home/muhammed-emin-eser/.local/share/nvim/lazy/LazyVim/lua
[01:02:44.211][info] [#0:script/workspace/loading.lua:100]: Preload file at: file:///home/muhammed-emin-eser/.local/share/nvim/lazy/LazyVim/lua/lazyvim/plugins/extras/lang/dart.lua , size = 0.646 KB
[01:02:44.211][info] [#0:script/workspace/loading.lua:112]: ++++As library of:	file:///home/muhammed-emin-eser/.local/share/nvim/lazy/LazyVim/lua
[01:02:44.211][info] [#0:script/workspace/loading.lua:100]: Preload file at: file:///home/muhammed-emin-eser/.local/share/nvim/lazy/LazyVim/lua/lazyvim/plugins/extras/lang/rust.lua , size = 4.075 KB
[01:02:44.212][info] [#0:script/workspace/loading.lua:112]: ++++As library of:	file:///home/muhammed-emin-eser/.local/share/nvim/lazy/LazyVim/lua
[01:02:44.212][info] [#0:script/workspace/loading.lua:100]: Preload file at: file:///home/muhammed-emin-eser/.local/share/nvim/lazy/LazyVim/lua/lazyvim/plugins/extras/lang/haskell.lua , size = 3.080 KB
[01:02:44.213][info] [#0:script/workspace/loading.lua:112]: ++++As library of:	file:///home/muhammed-emin-eser/.local/share/nvim/lazy/LazyVim/lua
[01:02:44.213][info] [#0:script/workspace/loading.lua:100]: Preload file at: file:///home/muhammed-emin-eser/.local/share/nvim/lazy/LazyVim/lua/lazyvim/plugins/extras/lang/helm.lua , size = 0.372 KB
[01:02:44.213][info] [#0:script/workspace/loading.lua:112]: ++++As library of:	file:///home/muhammed-emin-eser/.local/share/nvim/lazy/LazyVim/lua
[01:02:44.213][info] [#0:script/workspace/loading.lua:100]: Preload file at: file:///home/muhammed-emin-eser/.local/share/nvim/lazy/LazyVim/lua/lazyvim/plugins/extras/lang/julia.lua , size = 1.319 KB
[01:02:44.214][info] [#0:script/workspace/loading.lua:112]: ++++As library of:	file:///home/muhammed-emin-eser/.local/share/nvim/lazy/LazyVim/lua
[01:02:44.214][info] [#0:script/workspace/loading.lua:100]: Preload file at: file:///home/muhammed-emin-eser/.local/share/nvim/lazy/LazyVim/lua/lazyvim/plugins/extras/lang/r.lua , size = 2.423 KB
[01:02:44.214][info] [#0:script/workspace/loading.lua:112]: ++++As library of:	file:///home/muhammed-emin-eser/.local/share/nvim/lazy/LazyVim/lua
[01:02:44.214][info] [#0:script/workspace/loading.lua:100]: Preload file at: file:///home/muhammed-emin-eser/.local/share/nvim/lazy/LazyVim/lua/lazyvim/plugins/extras/lang/cmake.lua , size = 1.384 KB
[01:02:44.215][info] [#0:script/workspace/loading.lua:112]: ++++As library of:	file:///home/muhammed-emin-eser/.local/share/nvim/lazy/LazyVim/lua
[01:02:44.215][info] [#0:script/workspace/loading.lua:100]: Preload file at: file:///home/muhammed-emin-eser/.local/share/nvim/lazy/LazyVim/lua/lazyvim/plugins/extras/lang/yaml.lua , size = 1.602 KB
[01:02:44.215][info] [#0:script/workspace/loading.lua:112]: ++++As library of:	file:///home/muhammed-emin-eser/.local/share/nvim/lazy/LazyVim/lua
[01:02:44.217][info] [#0:script/workspace/loading.lua:100]: Preload file at: file:///home/muhammed-emin-eser/.local/share/nvim/lazy/LazyVim/lua/lazyvim/plugins/extras/lang/clojure.lua , size = 2.804 KB
[01:02:44.218][info] [#0:script/workspace/loading.lua:112]: ++++As library of:	file:///home/muhammed-emin-eser/.local/share/nvim/lazy/LazyVim/lua
[01:02:44.218][info] [#0:script/workspace/loading.lua:100]: Preload file at: file:///home/muhammed-emin-eser/.local/share/nvim/lazy/LazyVim/lua/lazyvim/plugins/extras/lang/markdown.lua , size = 2.826 KB
[01:02:44.219][info] [#0:script/workspace/loading.lua:112]: ++++As library of:	file:///home/muhammed-emin-eser/.local/share/nvim/lazy/LazyVim/lua
[01:02:44.219][info] [#0:script/workspace/loading.lua:100]: Preload file at: file:///home/muhammed-emin-eser/.local/share/nvim/lazy/LazyVim/lua/lazyvim/plugins/extras/lang/php.lua , size = 1.968 KB
[01:02:44.219][info] [#0:script/workspace/loading.lua:112]: ++++As library of:	file:///home/muhammed-emin-eser/.local/share/nvim/lazy/LazyVim/lua
[01:02:44.219][info] [#0:script/workspace/loading.lua:100]: Preload file at: file:///home/muhammed-emin-eser/.local/share/nvim/lazy/LazyVim/lua/lazyvim/plugins/extras/lang/svelte.lua , size = 1.185 KB
[01:02:44.220][info] [#0:script/workspace/loading.lua:112]: ++++As library of:	file:///home/muhammed-emin-eser/.local/share/nvim/lazy/LazyVim/lua
[01:02:44.220][info] [#0:script/workspace/loading.lua:100]: Preload file at: file:///home/muhammed-emin-eser/.local/share/nvim/lazy/LazyVim/lua/lazyvim/plugins/extras/lang/typescript/oxc.lua , size = 1.146 KB
[01:02:44.220][info] [#0:script/workspace/loading.lua:112]: ++++As library of:	file:///home/muhammed-emin-eser/.local/share/nvim/lazy/LazyVim/lua
[01:02:44.220][info] [#0:script/workspace/loading.lua:100]: Preload file at: file:///home/muhammed-emin-eser/.local/share/nvim/lazy/LazyVim/lua/lazyvim/plugins/extras/lang/typescript/vtsls.lua , size = 5.658 KB
[01:02:44.221][info] [#0:script/workspace/loading.lua:112]: ++++As library of:	file:///home/muhammed-emin-eser/.local/share/nvim/lazy/LazyVim/lua
[01:02:44.222][info] [#0:script/workspace/loading.lua:100]: Preload file at: file:///home/muhammed-emin-eser/.local/share/nvim/lazy/LazyVim/lua/lazyvim/plugins/extras/lang/typescript/init.lua , size = 5.073 KB
[01:02:44.223][info] [#0:script/workspace/loading.lua:112]: ++++As library of:	file:///home/muhammed-emin-eser/.local/share/nvim/lazy/LazyVim/lua
[01:02:44.223][info] [#0:script/workspace/loading.lua:100]: Preload file at: file:///home/muhammed-emin-eser/.local/share/nvim/lazy/LazyVim/lua/lazyvim/plugins/extras/lang/typescript/tsgo.lua , size = 1.483 KB
[01:02:44.223][info] [#0:script/workspace/loading.lua:112]: ++++As library of:	file:///home/muhammed-emin-eser/.local/share/nvim/lazy/LazyVim/lua
[01:02:44.223][info] [#0:script/workspace/loading.lua:100]: Preload file at: file:///home/muhammed-emin-eser/.local/share/nvim/lazy/LazyVim/lua/lazyvim/plugins/extras/lang/typescript/biome.lua , size = 1.468 KB
[01:02:44.224][info] [#0:script/workspace/loading.lua:112]: ++++As library of:	file:///home/muhammed-emin-eser/.local/share/nvim/lazy/LazyVim/lua
[01:02:44.224][info] [#0:script/workspace/loading.lua:100]: Preload file at: file:///home/muhammed-emin-eser/.local/share/nvim/lazy/LazyVim/lua/lazyvim/plugins/extras/lang/dotnet.lua , size = 3.011 KB
[01:02:44.224][info] [#0:script/workspace/loading.lua:112]: ++++As library of:	file:///home/muhammed-emin-eser/.local/share/nvim/lazy/LazyVim/lua
[01:02:44.224][info] [#0:script/workspace/loading.lua:100]: Preload file at: file:///home/muhammed-emin-eser/.local/share/nvim/lazy/LazyVim/lua/lazyvim/plugins/extras/lang/erlang.lua , size = 0.353 KB
[01:02:44.225][info] [#0:script/workspace/loading.lua:112]: ++++As library of:	file:///home/muhammed-emin-eser/.local/share/nvim/lazy/LazyVim/lua
[01:02:44.225][info] [#0:script/workspace/loading.lua:100]: Preload file at: file:///home/muhammed-emin-eser/.local/share/nvim/lazy/LazyVim/lua/lazyvim/plugins/extras/lang/elixir.lua , size = 2.653 KB
[01:02:44.225][info] [#0:script/workspace/loading.lua:112]: ++++As library of:	file:///home/muhammed-emin-eser/.local/share/nvim/lazy/LazyVim/lua
[01:02:44.225][info] [#0:script/workspace/loading.lua:100]: Preload file at: file:///home/muhammed-emin-eser/.local/share/nvim/lazy/LazyVim/lua/lazyvim/plugins/extras/lang/astro.lua , size = 1.289 KB
[01:02:44.228][info] [#0:script/workspace/loading.lua:112]: ++++As library of:	file:///home/muhammed-emin-eser/.local/share/nvim/lazy/LazyVim/lua
[01:02:44.228][info] [#0:script/workspace/loading.lua:100]: Preload file at: file:///home/muhammed-emin-eser/.local/share/nvim/lazy/LazyVim/lua/lazyvim/plugins/extras/lang/toml.lua , size = 0.207 KB
[01:02:44.228][info] [#0:script/workspace/loading.lua:112]: ++++As library of:	file:///home/muhammed-emin-eser/.local/share/nvim/lazy/LazyVim/lua
[01:02:44.228][info] [#0:script/workspace/loading.lua:100]: Preload file at: file:///home/muhammed-emin-eser/.local/share/nvim/lazy/LazyVim/lua/lazyvim/plugins/extras/lang/git.lua , size = 0.560 KB
[01:02:44.229][info] [#0:script/workspace/loading.lua:112]: ++++As library of:	file:///home/muhammed-emin-eser/.local/share/nvim/lazy/LazyVim/lua
[01:02:44.229][info] [#0:script/workspace/loading.lua:100]: Preload file at: file:///home/muhammed-emin-eser/.local/share/nvim/lazy/LazyVim/lua/lazyvim/plugins/extras/lang/tex.lua , size = 1.374 KB
[01:02:44.229][info] [#0:script/workspace/loading.lua:112]: ++++As library of:	file:///home/muhammed-emin-eser/.local/share/nvim/lazy/LazyVim/lua
[01:02:44.229][info] [#0:script/workspace/loading.lua:100]: Preload file at: file:///home/muhammed-emin-eser/.local/share/nvim/lazy/LazyVim/lua/lazyvim/plugins/extras/lang/clangd.lua , size = 3.961 KB
[01:02:44.230][info] [#0:script/workspace/loading.lua:112]: ++++As library of:	file:///home/muhammed-emin-eser/.local/share/nvim/lazy/LazyVim/lua
[01:02:44.230][info] [#0:script/workspace/loading.lua:100]: Preload file at: file:///home/muhammed-emin-eser/.local/share/nvim/lazy/LazyVim/lua/lazyvim/plugins/extras/lang/tailwind.lua , size = 2.246 KB
[01:02:44.231][info] [#0:script/workspace/loading.lua:112]: ++++As library of:	file:///home/muhammed-emin-eser/.local/share/nvim/lazy/LazyVim/lua
[01:02:44.231][info] [#0:script/workspace/loading.lua:100]: Preload file at: file:///home/muhammed-emin-eser/.local/share/nvim/lazy/LazyVim/lua/lazyvim/plugins/extras/lang/go.lua , size = 4.354 KB
[01:02:44.231][info] [#0:script/workspace/loading.lua:112]: ++++As library of:	file:///home/muhammed-emin-eser/.local/share/nvim/lazy/LazyVim/lua
[01:02:44.231][info] [#0:script/workspace/loading.lua:100]: Preload file at: file:///home/muhammed-emin-eser/.local/share/nvim/lazy/LazyVim/lua/lazyvim/plugins/extras/lang/rego.lua , size = 0.275 KB
[01:02:44.232][info] [#0:script/workspace/loading.lua:112]: ++++As library of:	file:///home/muhammed-emin-eser/.local/share/nvim/lazy/LazyVim/lua
[01:02:44.232][info] [#0:script/workspace/loading.lua:100]: Preload file at: file:///home/muhammed-emin-eser/.local/share/nvim/lazy/LazyVim/lua/lazyvim/plugins/extras/lang/docker.lua , size = 0.993 KB
[01:02:44.232][info] [#0:script/workspace/loading.lua:112]: ++++As library of:	file:///home/muhammed-emin-eser/.local/share/nvim/lazy/LazyVim/lua
[01:02:44.232][info] [#0:script/workspace/loading.lua:100]: Preload file at: file:///home/muhammed-emin-eser/.local/share/nvim/lazy/LazyVim/lua/lazyvim/plugins/extras/lang/lean.lua , size = 4.225 KB
[01:02:44.233][info] [#0:script/workspace/loading.lua:112]: ++++As library of:	file:///home/muhammed-emin-eser/.local/share/nvim/lazy/LazyVim/lua
[01:02:44.233][info] [#0:script/workspace/loading.lua:100]: Preload file at: file:///home/muhammed-emin-eser/.local/share/nvim/lazy/LazyVim/lua/lazyvim/plugins/extras/lang/twig.lua , size = 1.057 KB
[01:02:44.233][info] [#0:script/workspace/loading.lua:112]: ++++As library of:	file:///home/muhammed-emin-eser/.local/share/nvim/lazy/LazyVim/lua
[01:02:44.233][info] [#0:script/workspace/loading.lua:100]: Preload file at: file:///home/muhammed-emin-eser/.local/share/nvim/lazy/LazyVim/lua/lazyvim/plugins/extras/lang/nushell.lua , size = 0.242 KB
[01:02:44.233][info] [#0:script/workspace/loading.lua:112]: ++++As library of:	file:///home/muhammed-emin-eser/.local/share/nvim/lazy/LazyVim/lua
[01:02:44.233][info] [#0:script/workspace/loading.lua:100]: Preload file at: file:///home/muhammed-emin-eser/.local/share/nvim/lazy/LazyVim/lua/lazyvim/plugins/extras/lang/terraform.lua , size = 1.915 KB
[01:02:44.234][info] [#0:script/workspace/loading.lua:112]: ++++As library of:	file:///home/muhammed-emin-eser/.local/share/nvim/lazy/LazyVim/lua
[01:02:44.234][info] [#0:script/workspace/loading.lua:100]: Preload file at: file:///home/muhammed-emin-eser/.local/share/nvim/lazy/LazyVim/lua/lazyvim/plugins/extras/lang/json.lua , size = 1.062 KB
[01:02:44.234][info] [#0:script/workspace/loading.lua:112]: ++++As library of:	file:///home/muhammed-emin-eser/.local/share/nvim/lazy/LazyVim/lua
[01:02:44.234][info] [#0:script/workspace/loading.lua:100]: Preload file at: file:///home/muhammed-emin-eser/.local/share/nvim/lazy/LazyVim/lua/lazyvim/plugins/extras/lang/vue.lua , size = 1.013 KB
[01:02:44.235][info] [#0:script/workspace/loading.lua:112]: ++++As library of:	file:///home/muhammed-emin-eser/.local/share/nvim/lazy/LazyVim/lua
[01:02:44.235][info] [#0:script/workspace/loading.lua:100]: Preload file at: file:///home/muhammed-emin-eser/.local/share/nvim/lazy/LazyVim/lua/lazyvim/plugins/extras/lang/elm.lua , size = 0.507 KB
[01:02:44.235][info] [#0:script/workspace/loading.lua:112]: ++++As library of:	file:///home/muhammed-emin-eser/.local/share/nvim/lazy/LazyVim/lua
[01:02:44.235][info] [#0:script/workspace/loading.lua:100]: Preload file at: file:///home/muhammed-emin-eser/.local/share/nvim/lazy/LazyVim/lua/lazyvim/plugins/extras/lang/sql.lua , size = 4.774 KB
[01:02:44.238][info] [#0:script/workspace/loading.lua:112]: ++++As library of:	file:///home/muhammed-emin-eser/.local/share/nvim/lazy/LazyVim/lua
[01:02:44.238][info] [#0:script/workspace/loading.lua:100]: Preload file at: file:///home/muhammed-emin-eser/.local/share/nvim/lazy/LazyVim/lua/lazyvim/plugins/extras/lang/ocaml.lua , size = 1.064 KB
[01:02:44.239][info] [#0:script/workspace/loading.lua:112]: ++++As library of:	file:///home/muhammed-emin-eser/.local/share/nvim/lazy/LazyVim/lua
[01:02:44.239][info] [#0:script/workspace/loading.lua:100]: Preload file at: file:///home/muhammed-emin-eser/.local/share/nvim/lazy/LazyVim/lua/lazyvim/plugins/extras/ui/treesitter-context.lua , size = 0.464 KB
[01:02:44.239][info] [#0:script/workspace/loading.lua:112]: ++++As library of:	file:///home/muhammed-emin-eser/.local/share/nvim/lazy/LazyVim/lua
[01:02:44.239][info] [#0:script/workspace/loading.lua:100]: Preload file at: file:///home/muhammed-emin-eser/.local/share/nvim/lazy/LazyVim/lua/lazyvim/plugins/extras/ui/dashboard-nvim.lua , size = 3.694 KB
[01:02:44.240][info] [#0:script/workspace/loading.lua:112]: ++++As library of:	file:///home/muhammed-emin-eser/.local/share/nvim/lazy/LazyVim/lua
[01:02:44.240][info] [#0:script/workspace/loading.lua:100]: Preload file at: file:///home/muhammed-emin-eser/.local/share/nvim/lazy/LazyVim/lua/lazyvim/plugins/extras/ui/indent-blankline.lua , size = 1.115 KB
[01:02:44.240][info] [#0:script/workspace/loading.lua:112]: ++++As library of:	file:///home/muhammed-emin-eser/.local/share/nvim/lazy/LazyVim/lua
[01:02:44.240][info] [#0:script/workspace/loading.lua:100]: Preload file at: file:///home/muhammed-emin-eser/.local/share/nvim/lazy/LazyVim/lua/lazyvim/plugins/extras/ui/smear-cursor.lua , size = 0.388 KB
[01:02:44.241][info] [#0:script/workspace/loading.lua:112]: ++++As library of:	file:///home/muhammed-emin-eser/.local/share/nvim/lazy/LazyVim/lua
[01:02:44.241][info] [#0:script/workspace/loading.lua:100]: Preload file at: file:///home/muhammed-emin-eser/.local/share/nvim/lazy/LazyVim/lua/lazyvim/plugins/extras/ui/mini-animate.lua , size = 1.983 KB
[01:02:44.241][info] [#0:script/workspace/loading.lua:112]: ++++As library of:	file:///home/muhammed-emin-eser/.local/share/nvim/lazy/LazyVim/lua
[01:02:44.241][info] [#0:script/workspace/loading.lua:100]: Preload file at: file:///home/muhammed-emin-eser/.local/share/nvim/lazy/LazyVim/lua/lazyvim/plugins/extras/ui/alpha.lua , size = 3.605 KB
[01:02:44.242][info] [#0:script/workspace/loading.lua:112]: ++++As library of:	file:///home/muhammed-emin-eser/.local/share/nvim/lazy/LazyVim/lua
[01:02:44.242][info] [#0:script/workspace/loading.lua:100]: Preload file at: file:///home/muhammed-emin-eser/.local/share/nvim/lazy/LazyVim/lua/lazyvim/plugins/extras/ui/mini-indentscope.lua , size = 1.560 KB
[01:02:44.242][info] [#0:script/workspace/loading.lua:112]: ++++As library of:	file:///home/muhammed-emin-eser/.local/share/nvim/lazy/LazyVim/lua
[01:02:44.242][info] [#0:script/workspace/loading.lua:100]: Preload file at: file:///home/muhammed-emin-eser/.local/share/nvim/lazy/LazyVim/lua/lazyvim/plugins/extras/ui/mini-starter.lua , size = 3.729 KB
[01:02:44.243][info] [#0:script/workspace/loading.lua:112]: ++++As library of:	file:///home/muhammed-emin-eser/.local/share/nvim/lazy/LazyVim/lua
[01:02:44.243][info] [#0:script/workspace/loading.lua:100]: Preload file at: file:///home/muhammed-emin-eser/.local/share/nvim/lazy/LazyVim/lua/lazyvim/plugins/extras/ui/edgy.lua , size = 5.924 KB
[01:02:44.245][info] [#0:script/workspace/loading.lua:112]: ++++As library of:	file:///home/muhammed-emin-eser/.local/share/nvim/lazy/LazyVim/lua
[01:02:44.245][info] [#0:script/workspace/loading.lua:100]: Preload file at: file:///home/muhammed-emin-eser/.local/share/nvim/lazy/LazyVim/lua/lazyvim/plugins/extras/vscode.lua , size = 2.303 KB
[01:02:44.245][info] [#0:script/workspace/loading.lua:112]: ++++As library of:	file:///home/muhammed-emin-eser/.local/share/nvim/lazy/LazyVim/lua
[01:02:44.245][info] [#0:script/workspace/loading.lua:100]: Preload file at: file:///home/muhammed-emin-eser/.local/share/nvim/lazy/LazyVim/lua/lazyvim/plugins/extras/ai/claudecode.lua , size = 0.886 KB
[01:02:44.246][info] [#0:script/workspace/loading.lua:112]: ++++As library of:	file:///home/muhammed-emin-eser/.local/share/nvim/lazy/LazyVim/lua
[01:02:44.246][info] [#0:script/workspace/loading.lua:100]: Preload file at: file:///home/muhammed-emin-eser/.local/share/nvim/lazy/LazyVim/lua/lazyvim/plugins/extras/ai/avante.lua , size = 2.462 KB
[01:02:44.247][info] [#0:script/workspace/loading.lua:112]: ++++As library of:	file:///home/muhammed-emin-eser/.local/share/nvim/lazy/LazyVim/lua
[01:02:44.248][info] [#0:script/workspace/loading.lua:100]: Preload file at: file:///home/muhammed-emin-eser/.local/share/nvim/lazy/LazyVim/lua/lazyvim/plugins/extras/ai/copilot.lua , size = 3.182 KB
[01:02:44.248][info] [#0:script/workspace/loading.lua:112]: ++++As library of:	file:///home/muhammed-emin-eser/.local/share/nvim/lazy/LazyVim/lua
[01:02:44.248][info] [#0:script/workspace/loading.lua:100]: Preload file at: file:///home/muhammed-emin-eser/.local/share/nvim/lazy/LazyVim/lua/lazyvim/plugins/extras/ai/copilot-chat.lua , size = 2.546 KB
[01:02:44.249][info] [#0:script/workspace/loading.lua:112]: ++++As library of:	file:///home/muhammed-emin-eser/.local/share/nvim/lazy/LazyVim/lua
[01:02:44.249][info] [#0:script/workspace/loading.lua:100]: Preload file at: file:///home/muhammed-emin-eser/.local/share/nvim/lazy/LazyVim/lua/lazyvim/plugins/extras/ai/supermaven.lua , size = 2.188 KB
[01:02:44.250][info] [#0:script/workspace/loading.lua:112]: ++++As library of:	file:///home/muhammed-emin-eser/.local/share/nvim/lazy/LazyVim/lua
[01:02:44.250][info] [#0:script/workspace/loading.lua:100]: Preload file at: file:///home/muhammed-emin-eser/.local/share/nvim/lazy/LazyVim/lua/lazyvim/plugins/extras/ai/copilot-native.lua , size = 2.705 KB
[01:02:44.251][info] [#0:script/workspace/loading.lua:112]: ++++As library of:	file:///home/muhammed-emin-eser/.local/share/nvim/lazy/LazyVim/lua
[01:02:44.251][info] [#0:script/workspace/loading.lua:100]: Preload file at: file:///home/muhammed-emin-eser/.local/share/nvim/lazy/LazyVim/lua/lazyvim/plugins/extras/ai/tabnine.lua , size = 1.509 KB
[01:02:44.251][info] [#0:script/workspace/loading.lua:112]: ++++As library of:	file:///home/muhammed-emin-eser/.local/share/nvim/lazy/LazyVim/lua
[01:02:44.251][info] [#0:script/workspace/loading.lua:100]: Preload file at: file:///home/muhammed-emin-eser/.local/share/nvim/lazy/LazyVim/lua/lazyvim/plugins/extras/ai/codeium.lua , size = 1.620 KB
[01:02:44.252][info] [#0:script/workspace/loading.lua:112]: ++++As library of:	file:///home/muhammed-emin-eser/.local/share/nvim/lazy/LazyVim/lua
[01:02:44.252][info] [#0:script/workspace/loading.lua:100]: Preload file at: file:///home/muhammed-emin-eser/.local/share/nvim/lazy/LazyVim/lua/lazyvim/plugins/extras/ai/sidekick.lua , size = 4.251 KB
[01:02:44.253][info] [#0:script/workspace/loading.lua:112]: ++++As library of:	file:///home/muhammed-emin-eser/.local/share/nvim/lazy/LazyVim/lua
[01:02:44.253][info] [#0:script/workspace/loading.lua:100]: Preload file at: file:///home/muhammed-emin-eser/.local/share/nvim/lazy/LazyVim/lua/lazyvim/plugins/extras/editor/neo-tree.lua , size = 3.901 KB
[01:02:44.254][info] [#0:script/workspace/loading.lua:112]: ++++As library of:	file:///home/muhammed-emin-eser/.local/share/nvim/lazy/LazyVim/lua
[01:02:44.254][info] [#0:script/workspace/loading.lua:100]: Preload file at: file:///home/muhammed-emin-eser/.local/share/nvim/lazy/LazyVim/lua/lazyvim/plugins/extras/editor/outline.lua , size = 1.504 KB
[01:02:44.255][info] [#0:script/workspace/loading.lua:112]: ++++As library of:	file:///home/muhammed-emin-eser/.local/share/nvim/lazy/LazyVim/lua
[01:02:44.255][info] [#0:script/workspace/loading.lua:100]: Preload file at: file:///home/muhammed-emin-eser/.local/share/nvim/lazy/LazyVim/lua/lazyvim/plugins/extras/editor/mini-files.lua , size = 3.417 KB
[01:02:44.256][info] [#0:script/workspace/loading.lua:112]: ++++As library of:	file:///home/muhammed-emin-eser/.local/share/nvim/lazy/LazyVim/lua
[01:02:44.256][info] [#0:script/workspace/loading.lua:100]: Preload file at: file:///home/muhammed-emin-eser/.local/share/nvim/lazy/LazyVim/lua/lazyvim/plugins/extras/editor/refactoring.lua , size = 3.869 KB
[01:02:44.259][info] [#0:script/workspace/loading.lua:112]: ++++As library of:	file:///home/muhammed-emin-eser/.local/share/nvim/lazy/LazyVim/lua
[01:02:44.259][info] [#0:script/workspace/loading.lua:100]: Preload file at: file:///home/muhammed-emin-eser/.local/share/nvim/lazy/LazyVim/lua/lazyvim/plugins/extras/editor/harpoon2.lua , size = 0.805 KB
[01:02:44.259][info] [#0:script/workspace/loading.lua:112]: ++++As library of:	file:///home/muhammed-emin-eser/.local/share/nvim/lazy/LazyVim/lua
[01:02:44.259][info] [#0:script/workspace/loading.lua:100]: Preload file at: file:///home/muhammed-emin-eser/.local/share/nvim/lazy/LazyVim/lua/lazyvim/plugins/extras/editor/illuminate.lua , size = 1.599 KB
[01:02:44.260][info] [#0:script/workspace/loading.lua:112]: ++++As library of:	file:///home/muhammed-emin-eser/.local/share/nvim/lazy/LazyVim/lua
[01:02:44.260][info] [#0:script/workspace/loading.lua:100]: Preload file at: file:///home/muhammed-emin-eser/.local/share/nvim/lazy/LazyVim/lua/lazyvim/plugins/extras/editor/fzf.lua , size = 11.436 KB
[01:02:44.262][info] [#0:script/workspace/loading.lua:112]: ++++As library of:	file:///home/muhammed-emin-eser/.local/share/nvim/lazy/LazyVim/lua
[01:02:44.262][info] [#0:script/workspace/loading.lua:100]: Preload file at: file:///home/muhammed-emin-eser/.local/share/nvim/lazy/LazyVim/lua/lazyvim/plugins/extras/editor/inc-rename.lua , size = 0.856 KB
[01:02:44.262][info] [#0:script/workspace/loading.lua:112]: ++++As library of:	file:///home/muhammed-emin-eser/.local/share/nvim/lazy/LazyVim/lua
[01:02:44.263][info] [#0:script/workspace/loading.lua:100]: Preload file at: file:///home/muhammed-emin-eser/.local/share/nvim/lazy/LazyVim/lua/lazyvim/plugins/extras/editor/navic.lua , size = 0.892 KB
[01:02:44.263][info] [#0:script/workspace/loading.lua:112]: ++++As library of:	file:///home/muhammed-emin-eser/.local/share/nvim/lazy/LazyVim/lua
[01:02:44.263][info] [#0:script/workspace/loading.lua:100]: Preload file at: file:///home/muhammed-emin-eser/.local/share/nvim/lazy/LazyVim/lua/lazyvim/plugins/extras/editor/snacks_explorer.lua , size = 0.565 KB
[01:02:44.263][info] [#0:script/workspace/loading.lua:112]: ++++As library of:	file:///home/muhammed-emin-eser/.local/share/nvim/lazy/LazyVim/lua
[01:02:44.263][info] [#0:script/workspace/loading.lua:100]: Preload file at: file:///home/muhammed-emin-eser/.local/share/nvim/lazy/LazyVim/lua/lazyvim/plugins/extras/editor/aerial.lua , size = 3.464 KB
[01:02:44.264][info] [#0:script/workspace/loading.lua:112]: ++++As library of:	file:///home/muhammed-emin-eser/.local/share/nvim/lazy/LazyVim/lua
[01:02:44.264][info] [#0:script/workspace/loading.lua:100]: Preload file at: file:///home/muhammed-emin-eser/.local/share/nvim/lazy/LazyVim/lua/lazyvim/plugins/extras/editor/telescope.lua , size = 11.788 KB
[01:02:44.267][info] [#0:script/workspace/loading.lua:112]: ++++As library of:	file:///home/muhammed-emin-eser/.local/share/nvim/lazy/LazyVim/lua
[01:02:44.267][info] [#0:script/workspace/loading.lua:100]: Preload file at: file:///home/muhammed-emin-eser/.local/share/nvim/lazy/LazyVim/lua/lazyvim/plugins/extras/editor/mini-move.lua , size = 0.084 KB
[01:02:44.269][info] [#0:script/workspace/loading.lua:112]: ++++As library of:	file:///home/muhammed-emin-eser/.local/share/nvim/lazy/LazyVim/lua
[01:02:44.269][info] [#0:script/workspace/loading.lua:100]: Preload file at: file:///home/muhammed-emin-eser/.local/share/nvim/lazy/LazyVim/lua/lazyvim/plugins/extras/editor/leap.lua , size = 1.749 KB
[01:02:44.269][info] [#0:script/workspace/loading.lua:112]: ++++As library of:	file:///home/muhammed-emin-eser/.local/share/nvim/lazy/LazyVim/lua
[01:02:44.269][info] [#0:script/workspace/loading.lua:100]: Preload file at: file:///home/muhammed-emin-eser/.local/share/nvim/lazy/LazyVim/lua/lazyvim/plugins/extras/editor/snacks_picker.lua , size = 10.333 KB
[01:02:44.272][info] [#0:script/workspace/loading.lua:112]: ++++As library of:	file:///home/muhammed-emin-eser/.local/share/nvim/lazy/LazyVim/lua
[01:02:44.272][info] [#0:script/workspace/loading.lua:100]: Preload file at: file:///home/muhammed-emin-eser/.local/share/nvim/lazy/LazyVim/lua/lazyvim/plugins/extras/editor/dial.lua , size = 4.808 KB
[01:02:44.273][info] [#0:script/workspace/loading.lua:112]: ++++As library of:	file:///home/muhammed-emin-eser/.local/share/nvim/lazy/LazyVim/lua
[01:02:44.273][info] [#0:script/workspace/loading.lua:100]: Preload file at: file:///home/muhammed-emin-eser/.local/share/nvim/lazy/LazyVim/lua/lazyvim/plugins/extras/editor/overseer.lua , size = 1.706 KB
[01:02:44.274][info] [#0:script/workspace/loading.lua:112]: ++++As library of:	file:///home/muhammed-emin-eser/.local/share/nvim/lazy/LazyVim/lua
[01:02:44.274][info] [#0:script/workspace/loading.lua:100]: Preload file at: file:///home/muhammed-emin-eser/.local/share/nvim/lazy/LazyVim/lua/lazyvim/plugins/extras/editor/mini-diff.lua , size = 1.621 KB
[01:02:44.275][info] [#0:script/workspace/loading.lua:112]: ++++As library of:	file:///home/muhammed-emin-eser/.local/share/nvim/lazy/LazyVim/lua
[01:02:44.275][info] [#0:script/workspace/loading.lua:100]: Preload file at: file:///home/muhammed-emin-eser/.local/share/nvim/lazy/LazyVim/lua/lazyvim/plugins/extras/lsp/none-ls.lua , size = 1.348 KB
[01:02:44.275][info] [#0:script/workspace/loading.lua:112]: ++++As library of:	file:///home/muhammed-emin-eser/.local/share/nvim/lazy/LazyVim/lua
[01:02:44.275][info] [#0:script/workspace/loading.lua:100]: Preload file at: file:///home/muhammed-emin-eser/.local/share/nvim/lazy/LazyVim/lua/lazyvim/plugins/extras/lsp/neoconf.lua , size = 0.164 KB
[01:02:44.275][info] [#0:script/workspace/loading.lua:112]: ++++As library of:	file:///home/muhammed-emin-eser/.local/share/nvim/lazy/LazyVim/lua
[01:02:44.275][info] [#0:script/workspace/loading.lua:100]: Preload file at: file:///home/muhammed-emin-eser/.local/share/nvim/lazy/LazyVim/lua/lazyvim/plugins/extras/coding/luasnip.lua , size = 1.955 KB
[01:02:44.276][info] [#0:script/workspace/loading.lua:112]: ++++As library of:	file:///home/muhammed-emin-eser/.local/share/nvim/lazy/LazyVim/lua
[01:02:44.276][info] [#0:script/workspace/loading.lua:100]: Preload file at: file:///home/muhammed-emin-eser/.local/share/nvim/lazy/LazyVim/lua/lazyvim/plugins/extras/coding/mini-surround.lua , size = 1.419 KB
[01:02:44.276][info] [#0:script/workspace/loading.lua:112]: ++++As library of:	file:///home/muhammed-emin-eser/.local/share/nvim/lazy/LazyVim/lua
[01:02:44.276][info] [#0:script/workspace/loading.lua:100]: Preload file at: file:///home/muhammed-emin-eser/.local/share/nvim/lazy/LazyVim/lua/lazyvim/plugins/extras/coding/mini-comment.lua , size = 0.405 KB
[01:02:44.277][info] [#0:script/workspace/loading.lua:112]: ++++As library of:	file:///home/muhammed-emin-eser/.local/share/nvim/lazy/LazyVim/lua
[01:02:44.277][info] [#0:script/workspace/loading.lua:100]: Preload file at: file:///home/muhammed-emin-eser/.local/share/nvim/lazy/LazyVim/lua/lazyvim/plugins/extras/coding/blink.lua , size = 6.137 KB
[01:02:44.280][info] [#0:script/workspace/loading.lua:112]: ++++As library of:	file:///home/muhammed-emin-eser/.local/share/nvim/lazy/LazyVim/lua
[01:02:44.280][info] [#0:script/workspace/loading.lua:100]: Preload file at: file:///home/muhammed-emin-eser/.local/share/nvim/lazy/LazyVim/lua/lazyvim/plugins/extras/coding/yanky.lua , size = 2.212 KB
[01:02:44.280][info] [#0:script/workspace/loading.lua:112]: ++++As library of:	file:///home/muhammed-emin-eser/.local/share/nvim/lazy/LazyVim/lua
[01:02:44.280][info] [#0:script/workspace/loading.lua:100]: Preload file at: file:///home/muhammed-emin-eser/.local/share/nvim/lazy/LazyVim/lua/lazyvim/plugins/extras/coding/neogen.lua , size = 0.730 KB
[01:02:44.281][info] [#0:script/workspace/loading.lua:112]: ++++As library of:	file:///home/muhammed-emin-eser/.local/share/nvim/lazy/LazyVim/lua
[01:02:44.281][info] [#0:script/workspace/loading.lua:100]: Preload file at: file:///home/muhammed-emin-eser/.local/share/nvim/lazy/LazyVim/lua/lazyvim/plugins/extras/coding/mini-snippets.lua , size = 5.800 KB
[01:02:44.282][info] [#0:script/workspace/loading.lua:112]: ++++As library of:	file:///home/muhammed-emin-eser/.local/share/nvim/lazy/LazyVim/lua
[01:02:44.282][info] [#0:script/workspace/loading.lua:100]: Preload file at: file:///home/muhammed-emin-eser/.local/share/nvim/lazy/LazyVim/lua/lazyvim/plugins/extras/coding/nvim-cmp.lua , size = 3.845 KB
[01:02:44.283][info] [#0:script/workspace/loading.lua:112]: ++++As library of:	file:///home/muhammed-emin-eser/.local/share/nvim/lazy/LazyVim/lua
[01:02:44.283][info] [#0:script/workspace/loading.lua:100]: Preload file at: file:///home/muhammed-emin-eser/.local/share/nvim/lazy/LazyVim/lua/lazyvim/plugins/extras/util/gh.lua , size = 2.351 KB
[01:02:44.283][info] [#0:script/workspace/loading.lua:112]: ++++As library of:	file:///home/muhammed-emin-eser/.local/share/nvim/lazy/LazyVim/lua
[01:02:44.283][info] [#0:script/workspace/loading.lua:100]: Preload file at: file:///home/muhammed-emin-eser/.local/share/nvim/lazy/LazyVim/lua/lazyvim/plugins/extras/util/startuptime.lua , size = 0.146 KB
[01:02:44.284][info] [#0:script/workspace/loading.lua:112]: ++++As library of:	file:///home/muhammed-emin-eser/.local/share/nvim/lazy/LazyVim/lua
[01:02:44.284][info] [#0:script/workspace/loading.lua:100]: Preload file at: file:///home/muhammed-emin-eser/.local/share/nvim/lazy/LazyVim/lua/lazyvim/plugins/extras/util/mini-hipatterns.lua , size = 8.484 KB
[01:02:44.286][info] [#0:script/workspace/loading.lua:112]: ++++As library of:	file:///home/muhammed-emin-eser/.local/share/nvim/lazy/LazyVim/lua
[01:02:44.286][info] [#0:script/workspace/loading.lua:100]: Preload file at: file:///home/muhammed-emin-eser/.local/share/nvim/lazy/LazyVim/lua/lazyvim/plugins/extras/util/dot.lua , size = 1.398 KB
[01:02:44.286][info] [#0:script/workspace/loading.lua:112]: ++++As library of:	file:///home/muhammed-emin-eser/.local/share/nvim/lazy/LazyVim/lua
[01:02:44.286][info] [#0:script/workspace/loading.lua:100]: Preload file at: file:///home/muhammed-emin-eser/.local/share/nvim/lazy/LazyVim/lua/lazyvim/plugins/extras/util/octo.lua , size = 2.985 KB
[01:02:44.289][info] [#0:script/workspace/loading.lua:112]: ++++As library of:	file:///home/muhammed-emin-eser/.local/share/nvim/lazy/LazyVim/lua
[01:02:44.289][info] [#0:script/workspace/loading.lua:100]: Preload file at: file:///home/muhammed-emin-eser/.local/share/nvim/lazy/LazyVim/lua/lazyvim/plugins/extras/util/rest.lua , size = 1.754 KB
[01:02:44.290][info] [#0:script/workspace/loading.lua:112]: ++++As library of:	file:///home/muhammed-emin-eser/.local/share/nvim/lazy/LazyVim/lua
[01:02:44.290][info] [#0:script/workspace/loading.lua:100]: Preload file at: file:///home/muhammed-emin-eser/.local/share/nvim/lazy/LazyVim/lua/lazyvim/plugins/extras/util/gitui.lua , size = 0.782 KB
[01:02:44.290][info] [#0:script/workspace/loading.lua:112]: ++++As library of:	file:///home/muhammed-emin-eser/.local/share/nvim/lazy/LazyVim/lua
[01:02:44.290][info] [#0:script/workspace/loading.lua:100]: Preload file at: file:///home/muhammed-emin-eser/.local/share/nvim/lazy/LazyVim/lua/lazyvim/plugins/extras/util/project.lua , size = 4.759 KB
[01:02:44.291][info] [#0:script/workspace/loading.lua:112]: ++++As library of:	file:///home/muhammed-emin-eser/.local/share/nvim/lazy/LazyVim/lua
[01:02:44.291][info] [#0:script/workspace/loading.lua:100]: Preload file at: file:///home/muhammed-emin-eser/.local/share/nvim/lazy/LazyVim/lua/lazyvim/plugins/extras/util/chezmoi.lua , size = 4.157 KB
[01:02:44.292][info] [#0:script/workspace/loading.lua:112]: ++++As library of:	file:///home/muhammed-emin-eser/.local/share/nvim/lazy/LazyVim/lua
[01:02:44.292][info] [#0:script/workspace/loading.lua:100]: Preload file at: file:///home/muhammed-emin-eser/.local/share/nvim/lazy/LazyVim/lua/lazyvim/plugins/extras/formatting/black.lua , size = 0.513 KB
[01:02:44.293][info] [#0:script/workspace/loading.lua:112]: ++++As library of:	file:///home/muhammed-emin-eser/.local/share/nvim/lazy/LazyVim/lua
[01:02:44.293][info] [#0:script/workspace/loading.lua:100]: Preload file at: file:///home/muhammed-emin-eser/.local/share/nvim/lazy/LazyVim/lua/lazyvim/plugins/extras/formatting/prettier.lua , size = 2.484 KB
[01:02:44.294][info] [#0:script/workspace/loading.lua:112]: ++++As library of:	file:///home/muhammed-emin-eser/.local/share/nvim/lazy/LazyVim/lua
[01:02:44.294][info] [#0:script/workspace/loading.lua:100]: Preload file at: file:///home/muhammed-emin-eser/.local/share/nvim/lazy/LazyVim/lua/lazyvim/plugins/ui.lua , size = 12.521 KB
[01:02:44.296][info] [#0:script/workspace/loading.lua:112]: ++++As library of:	file:///home/muhammed-emin-eser/.local/share/nvim/lazy/LazyVim/lua
[01:02:44.296][info] [#0:script/workspace/loading.lua:100]: Preload file at: file:///home/muhammed-emin-eser/.local/share/nvim/lazy/LazyVim/lua/lazyvim/plugins/lsp/init.lua , size = 12.589 KB
[01:02:44.301][info] [#0:script/workspace/loading.lua:112]: ++++As library of:	file:///home/muhammed-emin-eser/.local/share/nvim/lazy/LazyVim/lua
[01:02:44.301][info] [#0:script/workspace/loading.lua:100]: Preload file at: file:///home/muhammed-emin-eser/.local/share/nvim/lazy/LazyVim/lua/lazyvim/plugins/lsp/keymaps.lua , size = 1.785 KB
[01:02:44.302][info] [#0:script/workspace/loading.lua:112]: ++++As library of:	file:///home/muhammed-emin-eser/.local/share/nvim/lazy/LazyVim/lua
[01:02:44.302][info] [#0:script/workspace/loading.lua:100]: Preload file at: file:///home/muhammed-emin-eser/.local/share/nvim/lazy/LazyVim/lua/lazyvim/plugins/xtras.lua , size = 2.148 KB
[01:02:44.302][info] [#0:script/workspace/loading.lua:112]: ++++As library of:	file:///home/muhammed-emin-eser/.local/share/nvim/lazy/LazyVim/lua
[01:02:44.302][info] [#0:script/workspace/loading.lua:100]: Preload file at: file:///home/muhammed-emin-eser/.local/share/nvim/lazy/LazyVim/lua/lazyvim/plugins/util.lua , size = 2.148 KB
[01:02:44.303][info] [#0:script/workspace/loading.lua:112]: ++++As library of:	file:///home/muhammed-emin-eser/.local/share/nvim/lazy/LazyVim/lua
[01:02:44.303][info] [#0:script/workspace/loading.lua:100]: Preload file at: file:///home/muhammed-emin-eser/.local/share/nvim/lazy/LazyVim/lua/lazyvim/plugins/linting.lua , size = 3.621 KB
[01:02:44.304][info] [#0:script/workspace/loading.lua:112]: ++++As library of:	file:///home/muhammed-emin-eser/.local/share/nvim/lazy/LazyVim/lua
[01:02:44.304][info] [#0:script/workspace/loading.lua:100]: Preload file at: file:///home/muhammed-emin-eser/.local/share/nvim/lazy/LazyVim/lua/lazyvim/plugins/colorscheme.lua , size = 1.379 KB
[01:02:44.305][info] [#0:script/workspace/loading.lua:112]: ++++As library of:	file:///home/muhammed-emin-eser/.local/share/nvim/lazy/LazyVim/lua
[01:02:44.305][info] [#0:script/workspace/loading.lua:100]: Preload file at: file:///home/muhammed-emin-eser/.local/share/nvim/lazy/LazyVim/lua/lazyvim/plugins/formatting.lua , size = 3.232 KB
[01:02:44.305][info] [#0:script/workspace/loading.lua:112]: ++++As library of:	file:///home/muhammed-emin-eser/.local/share/nvim/lazy/LazyVim/lua
[01:02:44.305][info] [#0:script/workspace/loading.lua:100]: Preload file at: file:///home/muhammed-emin-eser/.local/share/nvim/lazy/LazyVim/lua/lazyvim/plugins/treesitter.lua , size = 7.188 KB
[01:02:44.307][info] [#0:script/workspace/loading.lua:112]: ++++As library of:	file:///home/muhammed-emin-eser/.local/share/nvim/lazy/LazyVim/lua
[01:02:44.307][info] [#0:script/workspace/loading.lua:100]: Preload file at: file:///home/muhammed-emin-eser/.local/share/nvim/lazy/LazyVim/lua/lazyvim/config/init.lua , size = 12.667 KB
[01:02:44.312][info] [#0:script/workspace/loading.lua:112]: ++++As library of:	file:///home/muhammed-emin-eser/.local/share/nvim/lazy/LazyVim/lua
[01:02:44.313][info] [#0:script/workspace/loading.lua:100]: Preload file at: file:///home/muhammed-emin-eser/.local/share/nvim/lazy/LazyVim/lua/lazyvim/config/autocmds.lua , size = 3.326 KB
[01:02:44.314][info] [#0:script/workspace/loading.lua:112]: ++++As library of:	file:///home/muhammed-emin-eser/.local/share/nvim/lazy/LazyVim/lua
[01:02:44.314][info] [#0:script/workspace/loading.lua:100]: Preload file at: file:///home/muhammed-emin-eser/.local/share/nvim/lazy/LazyVim/lua/lazyvim/config/options.lua , size = 4.426 KB
[01:02:44.315][info] [#0:script/workspace/loading.lua:112]: ++++As library of:	file:///home/muhammed-emin-eser/.local/share/nvim/lazy/LazyVim/lua
[01:02:44.315][info] [#0:script/workspace/loading.lua:100]: Preload file at: file:///home/muhammed-emin-eser/.local/share/nvim/lazy/LazyVim/lua/lazyvim/config/keymaps.lua , size = 9.608 KB
[01:02:44.329][info] [#0:script/workspace/loading.lua:112]: ++++As library of:	file:///home/muhammed-emin-eser/.local/share/nvim/lazy/LazyVim/lua
[01:02:44.329][info] [#0:script/workspace/loading.lua:100]: Preload file at: file:///home/muhammed-emin-eser/.local/share/nvim/lazy/LazyVim/lua/lazyvim/util/pick.lua , size = 1.844 KB
[01:02:44.334][info] [#0:script/workspace/loading.lua:112]: ++++As library of:	file:///home/muhammed-emin-eser/.local/share/nvim/lazy/LazyVim/lua
[01:02:44.335][info] [#0:script/workspace/loading.lua:100]: Preload file at: file:///home/muhammed-emin-eser/.local/share/nvim/lazy/LazyVim/lua/lazyvim/util/init.lua , size = 9.730 KB
[01:02:44.340][info] [#0:script/workspace/loading.lua:112]: ++++As library of:	file:///home/muhammed-emin-eser/.local/share/nvim/lazy/LazyVim/lua
[01:02:44.340][info] [#0:script/workspace/loading.lua:100]: Preload file at: file:///home/muhammed-emin-eser/.local/share/nvim/lazy/LazyVim/lua/lazyvim/util/cmp.lua , size = 5.561 KB
[01:02:44.343][info] [#0:script/workspace/loading.lua:112]: ++++As library of:	file:///home/muhammed-emin-eser/.local/share/nvim/lazy/LazyVim/lua
[01:02:44.343][info] [#0:script/workspace/loading.lua:100]: Preload file at: file:///home/muhammed-emin-eser/.local/share/nvim/lazy/LazyVim/lua/lazyvim/util/extras.lua , size = 10.241 KB
[01:02:44.349][info] [#0:script/workspace/loading.lua:112]: ++++As library of:	file:///home/muhammed-emin-eser/.local/share/nvim/lazy/LazyVim/lua
[01:02:44.349][info] [#0:script/workspace/loading.lua:100]: Preload file at: file:///home/muhammed-emin-eser/.local/share/nvim/lazy/LazyVim/lua/lazyvim/util/news.lua , size = 2.299 KB
[01:02:44.351][info] [#0:script/workspace/loading.lua:112]: ++++As library of:	file:///home/muhammed-emin-eser/.local/share/nvim/lazy/LazyVim/lua
[01:02:44.351][info] [#0:script/workspace/loading.lua:100]: Preload file at: file:///home/muhammed-emin-eser/.local/share/nvim/lazy/LazyVim/lua/lazyvim/util/plugin.lua , size = 5.882 KB
[01:02:44.354][info] [#0:script/workspace/loading.lua:112]: ++++As library of:	file:///home/muhammed-emin-eser/.local/share/nvim/lazy/LazyVim/lua
[01:02:44.354][info] [#0:script/workspace/loading.lua:100]: Preload file at: file:///home/muhammed-emin-eser/.local/share/nvim/lazy/LazyVim/lua/lazyvim/util/lualine.lua , size = 5.316 KB
[01:02:44.357][info] [#0:script/workspace/loading.lua:112]: ++++As library of:	file:///home/muhammed-emin-eser/.local/share/nvim/lazy/LazyVim/lua
[01:02:44.357][info] [#0:script/workspace/loading.lua:100]: Preload file at: file:///home/muhammed-emin-eser/.local/share/nvim/lazy/LazyVim/lua/lazyvim/util/deprecated.lua , size = 2.176 KB
[01:02:44.358][info] [#0:script/workspace/loading.lua:112]: ++++As library of:	file:///home/muhammed-emin-eser/.local/share/nvim/lazy/LazyVim/lua
[01:02:44.358][info] [#0:script/workspace/loading.lua:100]: Preload file at: file:///home/muhammed-emin-eser/.local/share/nvim/lazy/LazyVim/lua/lazyvim/util/root.lua , size = 5.630 KB
[01:02:44.362][info] [#0:script/workspace/loading.lua:112]: ++++As library of:	file:///home/muhammed-emin-eser/.local/share/nvim/lazy/LazyVim/lua
[01:02:44.362][info] [#0:script/workspace/loading.lua:100]: Preload file at: file:///home/muhammed-emin-eser/.local/share/nvim/lazy/LazyVim/lua/lazyvim/util/terminal.lua , size = 1.179 KB
[01:02:44.363][info] [#0:script/workspace/loading.lua:112]: ++++As library of:	file:///home/muhammed-emin-eser/.local/share/nvim/lazy/LazyVim/lua
[01:02:44.363][info] [#0:script/workspace/loading.lua:100]: Preload file at: file:///home/muhammed-emin-eser/.local/share/nvim/lazy/LazyVim/lua/lazyvim/util/format.lua , size = 5.351 KB
[01:02:44.366][info] [#0:script/workspace/loading.lua:112]: ++++As library of:	file:///home/muhammed-emin-eser/.local/share/nvim/lazy/LazyVim/lua
[01:02:44.366][info] [#0:script/workspace/loading.lua:100]: Preload file at: file:///home/muhammed-emin-eser/.local/share/nvim/lazy/LazyVim/lua/lazyvim/util/inject.lua , size = 0.864 KB
[01:02:44.367][info] [#0:script/workspace/loading.lua:112]: ++++As library of:	file:///home/muhammed-emin-eser/.local/share/nvim/lazy/LazyVim/lua
[01:02:44.367][info] [#0:script/workspace/loading.lua:100]: Preload file at: file:///home/muhammed-emin-eser/.local/share/nvim/lazy/LazyVim/lua/lazyvim/util/json.lua , size = 3.443 KB
[01:02:44.369][info] [#0:script/workspace/loading.lua:112]: ++++As library of:	file:///home/muhammed-emin-eser/.local/share/nvim/lazy/LazyVim/lua
[01:02:44.369][info] [#0:script/workspace/loading.lua:100]: Preload file at: file:///home/muhammed-emin-eser/.local/share/nvim/lazy/LazyVim/lua/lazyvim/util/mini.lua , size = 4.214 KB
[01:02:44.372][info] [#0:script/workspace/loading.lua:112]: ++++As library of:	file:///home/muhammed-emin-eser/.local/share/nvim/lazy/LazyVim/lua
[01:02:44.372][info] [#0:script/workspace/loading.lua:100]: Preload file at: file:///home/muhammed-emin-eser/.local/share/nvim/lazy/LazyVim/lua/lazyvim/util/lsp.lua , size = 3.473 KB
[01:02:44.374][info] [#0:script/workspace/loading.lua:112]: ++++As library of:	file:///home/muhammed-emin-eser/.local/share/nvim/lazy/LazyVim/lua
[01:02:44.374][info] [#0:script/workspace/loading.lua:100]: Preload file at: file:///home/muhammed-emin-eser/.local/share/nvim/lazy/LazyVim/lua/lazyvim/util/treesitter.lua , size = 4.438 KB
[01:02:44.376][info] [#0:script/workspace/loading.lua:112]: ++++As library of:	file:///home/muhammed-emin-eser/.local/share/nvim/lazy/LazyVim/lua
[01:02:44.376][info] [#0:script/workspace/loading.lua:100]: Preload file at: file:///home/muhammed-emin-eser/.local/share/nvim/mason/packages/lua-language-server/libexec/meta/LuaJIT%20en-us%20utf8/os.lua , size = 5.662 KB
[01:02:44.379][info] [#0:script/workspace/loading.lua:112]: ++++As library of:	file:///home/muhammed-emin-eser/.local/share/nvim/mason/packages/lua-language-server/libexec/meta/LuaJIT%20en-us%20utf8/os.lua
[01:02:44.379][info] [#0:script/workspace/loading.lua:100]: Preload file at: file:///home/muhammed-emin-eser/.local/share/nvim/mason/packages/lua-language-server/libexec/meta/LuaJIT%20en-us%20utf8/table.lua , size = 5.020 KB
[01:02:44.382][info] [#0:script/workspace/loading.lua:112]: ++++As library of:	file:///home/muhammed-emin-eser/.local/share/nvim/mason/packages/lua-language-server/libexec/meta/LuaJIT%20en-us%20utf8/table.lua
[01:02:44.382][info] [#0:script/workspace/loading.lua:100]: Preload file at: file:///home/muhammed-emin-eser/.local/share/nvim/mason/packages/lua-language-server/libexec/meta/LuaJIT%20en-us%20utf8/table/new.lua , size = 0.642 KB
[01:02:44.382][info] [#0:script/workspace/loading.lua:112]: ++++As library of:	file:///home/muhammed-emin-eser/.local/share/nvim/mason/packages/lua-language-server/libexec/meta/LuaJIT%20en-us%20utf8/table/new.lua
[01:02:44.382][info] [#0:script/workspace/loading.lua:100]: Preload file at: file:///home/muhammed-emin-eser/.local/share/nvim/mason/packages/lua-language-server/libexec/meta/LuaJIT%20en-us%20utf8/bit.lua , size = 1.243 KB
[01:02:44.384][info] [#0:script/workspace/loading.lua:112]: ++++As library of:	file:///home/muhammed-emin-eser/.local/share/nvim/mason/packages/lua-language-server/libexec/meta/LuaJIT%20en-us%20utf8/bit.lua
[01:02:44.384][info] [#0:script/workspace/loading.lua:100]: Preload file at: file:///home/muhammed-emin-eser/.local/share/nvim/mason/packages/lua-language-server/libexec/meta/LuaJIT%20en-us%20utf8/jit/util.lua , size = 1.984 KB
[01:02:44.386][info] [#0:script/workspace/loading.lua:112]: ++++As library of:	file:///home/muhammed-emin-eser/.local/share/nvim/mason/packages/lua-language-server/libexec/meta/LuaJIT%20en-us%20utf8/jit/util.lua
[01:02:44.386][info] [#0:script/workspace/loading.lua:100]: Preload file at: file:///home/muhammed-emin-eser/.local/share/nvim/mason/packages/lua-language-server/libexec/meta/LuaJIT%20en-us%20utf8/builtin.lua , size = 0.302 KB
[01:02:44.386][info] [#0:script/workspace/loading.lua:112]: ++++As library of:	file:///home/muhammed-emin-eser/.local/share/nvim/mason/packages/lua-language-server/libexec/meta/LuaJIT%20en-us%20utf8/builtin.lua
[01:02:44.386][info] [#0:script/workspace/loading.lua:100]: Preload file at: file:///home/muhammed-emin-eser/.local/share/nvim/mason/packages/lua-language-server/libexec/meta/LuaJIT%20en-us%20utf8/io.lua , size = 6.364 KB
[01:02:44.389][info] [#0:script/workspace/loading.lua:112]: ++++As library of:	file:///home/muhammed-emin-eser/.local/share/nvim/mason/packages/lua-language-server/libexec/meta/LuaJIT%20en-us%20utf8/io.lua
[01:02:44.389][info] [#0:script/workspace/loading.lua:100]: Preload file at: file:///home/muhammed-emin-eser/.local/share/nvim/mason/packages/lua-language-server/libexec/meta/LuaJIT%20en-us%20utf8/jit/profile.lua , size = 0.348 KB
[01:02:44.390][info] [#0:script/workspace/loading.lua:112]: ++++As library of:	file:///home/muhammed-emin-eser/.local/share/nvim/mason/packages/lua-language-server/libexec/meta/LuaJIT%20en-us%20utf8/jit/profile.lua
[01:02:44.390][info] [#0:script/workspace/loading.lua:100]: Preload file at: file:///tmp/.mount_nvimCMgEIA/usr/share/nvim/runtime/lua/_vim9script.lua , size = 15.423 KB
[01:02:44.396][info] [#0:script/workspace/loading.lua:112]: ++++As library of:	file:///tmp/.mount_nvimCMgEIA/usr/share/nvim/runtime/lua
[01:02:44.396][info] [#0:script/workspace/loading.lua:100]: Preload file at: file:///tmp/.mount_nvimCMgEIA/usr/share/nvim/runtime/lua/coxpcall.lua , size = 3.672 KB
[01:02:44.398][info] [#0:script/workspace/loading.lua:112]: ++++As library of:	file:///tmp/.mount_nvimCMgEIA/usr/share/nvim/runtime/lua
[01:02:44.398][info] [#0:script/workspace/loading.lua:100]: Preload file at: file:///tmp/.mount_nvimCMgEIA/usr/share/nvim/runtime/lua/editorconfig.lua , size = 11.254 KB
[01:02:44.402][info] [#0:script/workspace/loading.lua:112]: ++++As library of:	file:///tmp/.mount_nvimCMgEIA/usr/share/nvim/runtime/lua
[01:02:44.402][info] [#0:script/workspace/loading.lua:100]: Preload file at: file:///tmp/.mount_nvimCMgEIA/usr/share/nvim/runtime/lua/jit/bc.lua , size = 5.417 KB
[01:02:44.405][info] [#0:script/workspace/loading.lua:112]: ++++As library of:	file:///tmp/.mount_nvimCMgEIA/usr/share/nvim/runtime/lua
[01:02:44.405][info] [#0:script/workspace/loading.lua:100]: Preload file at: file:///tmp/.mount_nvimCMgEIA/usr/share/nvim/runtime/lua/jit/bcsave.lua , size = 17.090 KB
[01:02:44.413][info] [#0:script/workspace/loading.lua:112]: ++++As library of:	file:///tmp/.mount_nvimCMgEIA/usr/share/nvim/runtime/lua
[01:02:44.413][info] [#0:script/workspace/loading.lua:100]: Preload file at: file:///tmp/.mount_nvimCMgEIA/usr/share/nvim/runtime/lua/jit/dis_arm.lua , size = 18.891 KB
[01:02:44.421][info] [#0:script/workspace/loading.lua:112]: ++++As library of:	file:///tmp/.mount_nvimCMgEIA/usr/share/nvim/runtime/lua
[01:02:44.421][info] [#0:script/workspace/loading.lua:100]: Preload file at: file:///tmp/.mount_nvimCMgEIA/usr/share/nvim/runtime/lua/jit/dis_arm64.lua , size = 29.971 KB
[01:02:44.435][info] [#0:script/workspace/loading.lua:112]: ++++As library of:	file:///tmp/.mount_nvimCMgEIA/usr/share/nvim/runtime/lua
[01:02:44.435][info] [#0:script/workspace/loading.lua:100]: Preload file at: file:///tmp/.mount_nvimCMgEIA/usr/share/nvim/runtime/lua/jit/dis_arm64be.lua , size = 0.604 KB
[01:02:44.435][info] [#0:script/workspace/loading.lua:112]: ++++As library of:	file:///tmp/.mount_nvimCMgEIA/usr/share/nvim/runtime/lua
[01:02:44.435][info] [#0:script/workspace/loading.lua:100]: Preload file at: file:///tmp/.mount_nvimCMgEIA/usr/share/nvim/runtime/lua/jit/dis_mips.lua , size = 21.494 KB
[01:02:44.464][info] [#0:script/workspace/loading.lua:112]: ++++As library of:	file:///tmp/.mount_nvimCMgEIA/usr/share/nvim/runtime/lua
[01:02:44.464][info] [#0:script/workspace/loading.lua:100]: Preload file at: file:///tmp/.mount_nvimCMgEIA/usr/share/nvim/runtime/lua/jit/dis_mips64.lua , size = 0.689 KB
[01:02:44.467][info] [#0:script/workspace/loading.lua:112]: ++++As library of:	file:///tmp/.mount_nvimCMgEIA/usr/share/nvim/runtime/lua
[01:02:44.467][info] [#0:script/workspace/loading.lua:100]: Preload file at: file:///tmp/.mount_nvimCMgEIA/usr/share/nvim/runtime/lua/jit/dis_mips64el.lua , size = 0.700 KB
[01:02:44.467][info] [#0:script/workspace/loading.lua:112]: ++++As library of:	file:///tmp/.mount_nvimCMgEIA/usr/share/nvim/runtime/lua
[01:02:44.467][info] [#0:script/workspace/loading.lua:100]: Preload file at: file:///tmp/.mount_nvimCMgEIA/usr/share/nvim/runtime/lua/jit/dis_mips64r6.lua , size = 0.700 KB
[01:02:44.468][info] [#0:script/workspace/loading.lua:112]: ++++As library of:	file:///tmp/.mount_nvimCMgEIA/usr/share/nvim/runtime/lua
[01:02:44.468][info] [#0:script/workspace/loading.lua:100]: Preload file at: file:///tmp/.mount_nvimCMgEIA/usr/share/nvim/runtime/lua/jit/dis_mips64r6el.lua , size = 0.711 KB
[01:02:44.468][info] [#0:script/workspace/loading.lua:112]: ++++As library of:	file:///tmp/.mount_nvimCMgEIA/usr/share/nvim/runtime/lua
[01:02:44.468][info] [#0:script/workspace/loading.lua:100]: Preload file at: file:///tmp/.mount_nvimCMgEIA/usr/share/nvim/runtime/lua/jit/dis_mipsel.lua , size = 0.698 KB
[01:02:44.468][info] [#0:script/workspace/loading.lua:112]: ++++As library of:	file:///tmp/.mount_nvimCMgEIA/usr/share/nvim/runtime/lua
[01:02:44.468][info] [#0:script/workspace/loading.lua:100]: Preload file at: file:///tmp/.mount_nvimCMgEIA/usr/share/nvim/runtime/lua/jit/dis_ppc.lua , size = 19.825 KB
[01:02:44.474][info] [#0:script/workspace/loading.lua:112]: ++++As library of:	file:///tmp/.mount_nvimCMgEIA/usr/share/nvim/runtime/lua
[01:02:44.474][info] [#0:script/workspace/loading.lua:100]: Preload file at: file:///tmp/.mount_nvimCMgEIA/usr/share/nvim/runtime/lua/jit/dis_x64.lua , size = 0.695 KB
[01:02:44.474][info] [#0:script/workspace/loading.lua:112]: ++++As library of:	file:///tmp/.mount_nvimCMgEIA/usr/share/nvim/runtime/lua
[01:02:44.474][info] [#0:script/workspace/loading.lua:100]: Preload file at: file:///tmp/.mount_nvimCMgEIA/usr/share/nvim/runtime/lua/jit/dis_x86.lua , size = 33.033 KB
[01:02:44.483][info] [#0:script/workspace/loading.lua:112]: ++++As library of:	file:///tmp/.mount_nvimCMgEIA/usr/share/nvim/runtime/lua
[01:02:44.483][info] [#0:script/workspace/loading.lua:100]: Preload file at: file:///tmp/.mount_nvimCMgEIA/usr/share/nvim/runtime/lua/jit/dump.lua , size = 20.269 KB
[01:02:44.490][info] [#0:script/workspace/loading.lua:112]: ++++As library of:	file:///tmp/.mount_nvimCMgEIA/usr/share/nvim/runtime/lua
[01:02:44.490][info] [#0:script/workspace/loading.lua:100]: Preload file at: file:///tmp/.mount_nvimCMgEIA/usr/share/nvim/runtime/lua/jit/p.lua , size = 8.874 KB
[01:02:44.492][info] [#0:script/workspace/loading.lua:112]: ++++As library of:	file:///tmp/.mount_nvimCMgEIA/usr/share/nvim/runtime/lua
[01:02:44.492][info] [#0:script/workspace/loading.lua:100]: Preload file at: file:///tmp/.mount_nvimCMgEIA/usr/share/nvim/runtime/lua/jit/v.lua , size = 5.731 KB
[01:02:44.494][info] [#0:script/workspace/loading.lua:112]: ++++As library of:	file:///tmp/.mount_nvimCMgEIA/usr/share/nvim/runtime/lua
[01:02:44.494][info] [#0:script/workspace/loading.lua:100]: Preload file at: file:///tmp/.mount_nvimCMgEIA/usr/share/nvim/runtime/lua/jit/vmdef.lua , size = 7.920 KB
[01:02:44.495][info] [#0:script/workspace/loading.lua:112]: ++++As library of:	file:///tmp/.mount_nvimCMgEIA/usr/share/nvim/runtime/lua
[01:02:44.495][info] [#0:script/workspace/loading.lua:100]: Preload file at: file:///tmp/.mount_nvimCMgEIA/usr/share/nvim/runtime/lua/jit/zone.lua , size = 0.979 KB
[01:02:44.495][info] [#0:script/workspace/loading.lua:112]: ++++As library of:	file:///tmp/.mount_nvimCMgEIA/usr/share/nvim/runtime/lua
[01:02:44.495][info] [#0:script/workspace/loading.lua:100]: Preload file at: file:///tmp/.mount_nvimCMgEIA/usr/share/nvim/runtime/lua/man.lua , size = 23.335 KB
[01:02:44.502][info] [#0:script/workspace/loading.lua:112]: ++++As library of:	file:///tmp/.mount_nvimCMgEIA/usr/share/nvim/runtime/lua
[01:02:44.502][info] [#0:script/workspace/loading.lua:100]: Preload file at: file:///tmp/.mount_nvimCMgEIA/usr/share/nvim/runtime/lua/tohtml.lua , size = 43.272 KB
[01:02:44.516][info] [#0:script/workspace/loading.lua:112]: ++++As library of:	file:///tmp/.mount_nvimCMgEIA/usr/share/nvim/runtime/lua
[01:02:44.516][info] [#0:script/workspace/loading.lua:100]: Preload file at: file:///tmp/.mount_nvimCMgEIA/usr/share/nvim/runtime/lua/vim/F.lua , size = 1.076 KB
[01:02:44.517][info] [#0:script/workspace/loading.lua:112]: ++++As library of:	file:///tmp/.mount_nvimCMgEIA/usr/share/nvim/runtime/lua
[01:02:44.517][info] [#0:script/workspace/loading.lua:100]: Preload file at: file:///tmp/.mount_nvimCMgEIA/usr/share/nvim/runtime/lua/vim/_buf.lua , size = 0.764 KB
[01:02:44.517][info] [#0:script/workspace/loading.lua:112]: ++++As library of:	file:///tmp/.mount_nvimCMgEIA/usr/share/nvim/runtime/lua
[01:02:44.517][info] [#0:script/workspace/loading.lua:100]: Preload file at: file:///tmp/.mount_nvimCMgEIA/usr/share/nvim/runtime/lua/vim/_comment.lua , size = 8.967 KB
[01:02:44.520][info] [#0:script/workspace/loading.lua:112]: ++++As library of:	file:///tmp/.mount_nvimCMgEIA/usr/share/nvim/runtime/lua
[01:02:44.520][info] [#0:script/workspace/loading.lua:100]: Preload file at: file:///tmp/.mount_nvimCMgEIA/usr/share/nvim/runtime/lua/vim/_defaults.lua , size = 32.274 KB
[01:02:44.529][info] [#0:script/workspace/loading.lua:112]: ++++As library of:	file:///tmp/.mount_nvimCMgEIA/usr/share/nvim/runtime/lua
[01:02:44.529][info] [#0:script/workspace/loading.lua:100]: Preload file at: file:///tmp/.mount_nvimCMgEIA/usr/share/nvim/runtime/lua/vim/_editor.lua , size = 44.635 KB
[01:02:44.542][info] [#0:script/workspace/loading.lua:112]: ++++As library of:	file:///tmp/.mount_nvimCMgEIA/usr/share/nvim/runtime/lua
[01:02:44.542][info] [#0:script/workspace/loading.lua:100]: Preload file at: file:///tmp/.mount_nvimCMgEIA/usr/share/nvim/runtime/lua/vim/_ftplugin/lua.lua , size = 0.540 KB
[01:02:44.542][info] [#0:script/workspace/loading.lua:112]: ++++As library of:	file:///tmp/.mount_nvimCMgEIA/usr/share/nvim/runtime/lua
[01:02:44.542][info] [#0:script/workspace/loading.lua:100]: Preload file at: file:///tmp/.mount_nvimCMgEIA/usr/share/nvim/runtime/lua/vim/_init_packages.lua , size = 3.023 KB
[01:02:44.544][info] [#0:script/workspace/loading.lua:112]: ++++As library of:	file:///tmp/.mount_nvimCMgEIA/usr/share/nvim/runtime/lua
[01:02:44.544][info] [#0:script/workspace/loading.lua:100]: Preload file at: file:///tmp/.mount_nvimCMgEIA/usr/share/nvim/runtime/lua/vim/_inspector.lua , size = 7.775 KB
[01:02:44.546][info] [#0:script/workspace/loading.lua:112]: ++++As library of:	file:///tmp/.mount_nvimCMgEIA/usr/share/nvim/runtime/lua
[01:02:44.546][info] [#0:script/workspace/loading.lua:100]: Preload file at: file:///tmp/.mount_nvimCMgEIA/usr/share/nvim/runtime/lua/vim/_meta/api.lua , size = 106.186 KB
[01:02:44.566][info] [#0:script/workspace/loading.lua:112]: ++++As library of:	file:///tmp/.mount_nvimCMgEIA/usr/share/nvim/runtime/lua
[01:02:44.566][info] [#0:script/workspace/loading.lua:100]: Preload file at: file:///tmp/.mount_nvimCMgEIA/usr/share/nvim/runtime/lua/vim/_meta/api_keysets.lua , size = 9.958 KB
[01:02:44.570][info] [#0:script/workspace/loading.lua:112]: ++++As library of:	file:///tmp/.mount_nvimCMgEIA/usr/share/nvim/runtime/lua
[01:02:44.570][info] [#0:script/workspace/loading.lua:100]: Preload file at: file:///tmp/.mount_nvimCMgEIA/usr/share/nvim/runtime/lua/vim/_meta/api_keysets_extra.lua , size = 6.957 KB
[01:02:44.573][info] [#0:script/workspace/loading.lua:112]: ++++As library of:	file:///tmp/.mount_nvimCMgEIA/usr/share/nvim/runtime/lua
[01:02:44.573][info] [#0:script/workspace/loading.lua:100]: Preload file at: file:///tmp/.mount_nvimCMgEIA/usr/share/nvim/runtime/lua/vim/_meta/base64.lua , size = 0.307 KB
[01:02:44.574][info] [#0:script/workspace/loading.lua:112]: ++++As library of:	file:///tmp/.mount_nvimCMgEIA/usr/share/nvim/runtime/lua
[01:02:44.574][info] [#0:script/workspace/loading.lua:100]: Preload file at: file:///tmp/.mount_nvimCMgEIA/usr/share/nvim/runtime/lua/vim/_meta/builtin.lua , size = 10.381 KB
[01:02:44.576][info] [#0:script/workspace/loading.lua:112]: ++++As library of:	file:///tmp/.mount_nvimCMgEIA/usr/share/nvim/runtime/lua
[01:02:44.576][info] [#0:script/workspace/loading.lua:100]: Preload file at: file:///tmp/.mount_nvimCMgEIA/usr/share/nvim/runtime/lua/vim/_meta/builtin_types.lua , size = 8.304 KB
[01:02:44.578][info] [#0:script/workspace/loading.lua:112]: ++++As library of:	file:///tmp/.mount_nvimCMgEIA/usr/share/nvim/runtime/lua
[01:02:44.578][info] [#0:script/workspace/loading.lua:100]: Preload file at: file:///tmp/.mount_nvimCMgEIA/usr/share/nvim/runtime/lua/vim/_meta/diff.lua , size = 2.493 KB
[01:02:44.579][info] [#0:script/workspace/loading.lua:112]: ++++As library of:	file:///tmp/.mount_nvimCMgEIA/usr/share/nvim/runtime/lua
[01:02:44.579][info] [#0:script/workspace/loading.lua:100]: Preload file at: file:///tmp/.mount_nvimCMgEIA/usr/share/nvim/runtime/lua/vim/_meta/json.lua , size = 1.537 KB
[01:02:44.580][info] [#0:script/workspace/loading.lua:112]: ++++As library of:	file:///tmp/.mount_nvimCMgEIA/usr/share/nvim/runtime/lua
[01:02:44.580][info] [#0:script/workspace/loading.lua:100]: Preload file at: file:///tmp/.mount_nvimCMgEIA/usr/share/nvim/runtime/lua/vim/_meta/lpeg.lua , size = 15.348 KB
[01:02:44.583][info] [#0:script/workspace/loading.lua:112]: ++++As library of:	file:///tmp/.mount_nvimCMgEIA/usr/share/nvim/runtime/lua
[01:02:44.583][info] [#0:script/workspace/loading.lua:100]: Preload file at: file:///tmp/.mount_nvimCMgEIA/usr/share/nvim/runtime/lua/vim/_meta/misc.lua , size = 0.291 KB
[01:02:44.583][info] [#0:script/workspace/loading.lua:112]: ++++As library of:	file:///tmp/.mount_nvimCMgEIA/usr/share/nvim/runtime/lua
[01:02:44.583][info] [#0:script/workspace/loading.lua:100]: Preload file at: file:///tmp/.mount_nvimCMgEIA/usr/share/nvim/runtime/lua/vim/_meta/mpack.lua , size = 0.478 KB
[01:02:44.583][info] [#0:script/workspace/loading.lua:112]: ++++As library of:	file:///tmp/.mount_nvimCMgEIA/usr/share/nvim/runtime/lua
[01:02:44.583][info] [#0:script/workspace/loading.lua:100]: Preload file at: file:///tmp/.mount_nvimCMgEIA/usr/share/nvim/runtime/lua/vim/_meta/re.lua , size = 2.217 KB
[01:02:44.584][info] [#0:script/workspace/loading.lua:112]: ++++As library of:	file:///tmp/.mount_nvimCMgEIA/usr/share/nvim/runtime/lua
[01:02:44.584][info] [#0:script/workspace/loading.lua:100]: Preload file at: file:///tmp/.mount_nvimCMgEIA/usr/share/nvim/runtime/lua/vim/_meta/regex.lua , size = 1.580 KB
[01:02:44.585][info] [#0:script/workspace/loading.lua:112]: ++++As library of:	file:///tmp/.mount_nvimCMgEIA/usr/share/nvim/runtime/lua
[01:02:44.585][info] [#0:script/workspace/loading.lua:100]: Preload file at: file:///tmp/.mount_nvimCMgEIA/usr/share/nvim/runtime/lua/vim/_meta/options.lua , size = 324.442 KB
[01:02:44.643][info] [#0:script/workspace/loading.lua:112]: ++++As library of:	file:///tmp/.mount_nvimCMgEIA/usr/share/nvim/runtime/lua
[01:02:44.643][info] [#0:script/workspace/loading.lua:100]: Preload file at: file:///tmp/.mount_nvimCMgEIA/usr/share/nvim/runtime/lua/vim/_meta/spell.lua , size = 0.929 KB
[01:02:44.643][info] [#0:script/workspace/loading.lua:112]: ++++As library of:	file:///tmp/.mount_nvimCMgEIA/usr/share/nvim/runtime/lua
[01:02:44.643][info] [#0:script/workspace/loading.lua:100]: Preload file at: file:///tmp/.mount_nvimCMgEIA/usr/share/nvim/runtime/lua/vim/_meta/vimfn.lua , size = 408.424 KB
[01:02:44.710][info] [#0:script/workspace/loading.lua:112]: ++++As library of:	file:///tmp/.mount_nvimCMgEIA/usr/share/nvim/runtime/lua
[01:02:44.711][info] [#0:script/workspace/loading.lua:100]: Preload file at: file:///tmp/.mount_nvimCMgEIA/usr/share/nvim/runtime/lua/vim/_meta/vvars.lua , size = 26.214 KB
[01:02:44.719][info] [#0:script/workspace/loading.lua:112]: ++++As library of:	file:///tmp/.mount_nvimCMgEIA/usr/share/nvim/runtime/lua
[01:02:44.719][info] [#0:script/workspace/loading.lua:100]: Preload file at: file:///tmp/.mount_nvimCMgEIA/usr/share/nvim/runtime/lua/vim/_meta/vvars_extra.lua , size = 4.056 KB
[01:02:44.721][info] [#0:script/workspace/loading.lua:112]: ++++As library of:	file:///tmp/.mount_nvimCMgEIA/usr/share/nvim/runtime/lua
[01:02:44.721][info] [#0:script/workspace/loading.lua:100]: Preload file at: file:///tmp/.mount_nvimCMgEIA/usr/share/nvim/runtime/lua/vim/_meta.lua , size = 1.002 KB
[01:02:44.722][info] [#0:script/workspace/loading.lua:112]: ++++As library of:	file:///tmp/.mount_nvimCMgEIA/usr/share/nvim/runtime/lua
[01:02:44.722][info] [#0:script/workspace/loading.lua:100]: Preload file at: file:///tmp/.mount_nvimCMgEIA/usr/share/nvim/runtime/lua/vim/_options.lua , size = 25.508 KB
[01:02:44.730][info] [#0:script/workspace/loading.lua:112]: ++++As library of:	file:///tmp/.mount_nvimCMgEIA/usr/share/nvim/runtime/lua
[01:02:44.730][info] [#0:script/workspace/loading.lua:100]: Preload file at: file:///tmp/.mount_nvimCMgEIA/usr/share/nvim/runtime/lua/vim/_system.lua , size = 9.805 KB
[01:02:44.736][info] [#0:script/workspace/loading.lua:112]: ++++As library of:	file:///tmp/.mount_nvimCMgEIA/usr/share/nvim/runtime/lua
[01:02:44.736][info] [#0:script/workspace/loading.lua:100]: Preload file at: file:///tmp/.mount_nvimCMgEIA/usr/share/nvim/runtime/lua/vim/_watch.lua , size = 9.718 KB
[01:02:44.740][info] [#0:script/workspace/loading.lua:112]: ++++As library of:	file:///tmp/.mount_nvimCMgEIA/usr/share/nvim/runtime/lua
[01:02:44.740][info] [#0:script/workspace/loading.lua:100]: Preload file at: file:///tmp/.mount_nvimCMgEIA/usr/share/nvim/runtime/lua/vim/deprecated/health.lua , size = 1.260 KB
[01:02:44.742][info] [#0:script/workspace/loading.lua:112]: ++++As library of:	file:///tmp/.mount_nvimCMgEIA/usr/share/nvim/runtime/lua
[01:02:44.742][info] [#0:script/workspace/loading.lua:100]: Preload file at: file:///tmp/.mount_nvimCMgEIA/usr/share/nvim/runtime/lua/vim/diagnostic.lua , size = 85.015 KB
[01:02:44.775][info] [#0:script/workspace/loading.lua:112]: ++++As library of:	file:///tmp/.mount_nvimCMgEIA/usr/share/nvim/runtime/lua
[01:02:44.775][info] [#0:script/workspace/loading.lua:100]: Preload file at: file:///tmp/.mount_nvimCMgEIA/usr/share/nvim/runtime/lua/vim/filetype/options.lua , size = 2.559 KB
[01:02:44.777][info] [#0:script/workspace/loading.lua:112]: ++++As library of:	file:///tmp/.mount_nvimCMgEIA/usr/share/nvim/runtime/lua
[01:02:44.777][info] [#0:script/workspace/loading.lua:100]: Preload file at: file:///tmp/.mount_nvimCMgEIA/usr/share/nvim/runtime/lua/vim/filetype/detect.lua , size = 61.322 KB
[01:02:44.799][info] [#0:script/workspace/loading.lua:112]: ++++As library of:	file:///tmp/.mount_nvimCMgEIA/usr/share/nvim/runtime/lua
[01:02:44.799][info] [#0:script/workspace/loading.lua:100]: Preload file at: file:///tmp/.mount_nvimCMgEIA/usr/share/nvim/runtime/lua/vim/filetype.lua , size = 78.884 KB
[01:02:44.825][info] [#0:script/workspace/loading.lua:112]: ++++As library of:	file:///tmp/.mount_nvimCMgEIA/usr/share/nvim/runtime/lua
[01:02:44.825][info] [#0:script/workspace/loading.lua:100]: Preload file at: file:///tmp/.mount_nvimCMgEIA/usr/share/nvim/runtime/lua/vim/fs.lua , size = 23.769 KB
[01:02:44.834][info] [#0:script/workspace/loading.lua:112]: ++++As library of:	file:///tmp/.mount_nvimCMgEIA/usr/share/nvim/runtime/lua
[01:02:44.834][info] [#0:script/workspace/loading.lua:100]: Preload file at: file:///tmp/.mount_nvimCMgEIA/usr/share/nvim/runtime/lua/vim/func/_memoize.lua , size = 1.979 KB
[01:02:44.836][info] [#0:script/workspace/loading.lua:112]: ++++As library of:	file:///tmp/.mount_nvimCMgEIA/usr/share/nvim/runtime/lua
[01:02:44.836][info] [#0:script/workspace/loading.lua:100]: Preload file at: file:///tmp/.mount_nvimCMgEIA/usr/share/nvim/runtime/lua/vim/func.lua , size = 1.950 KB
[01:02:44.836][info] [#0:script/workspace/loading.lua:112]: ++++As library of:	file:///tmp/.mount_nvimCMgEIA/usr/share/nvim/runtime/lua
[01:02:44.836][info] [#0:script/workspace/loading.lua:100]: Preload file at: file:///tmp/.mount_nvimCMgEIA/usr/share/nvim/runtime/lua/vim/glob.lua , size = 3.312 KB
[01:02:44.838][info] [#0:script/workspace/loading.lua:112]: ++++As library of:	file:///tmp/.mount_nvimCMgEIA/usr/share/nvim/runtime/lua
[01:02:44.838][info] [#0:script/workspace/loading.lua:100]: Preload file at: file:///tmp/.mount_nvimCMgEIA/usr/share/nvim/runtime/lua/vim/health/health.lua , size = 12.863 KB
[01:02:44.843][info] [#0:script/workspace/loading.lua:112]: ++++As library of:	file:///tmp/.mount_nvimCMgEIA/usr/share/nvim/runtime/lua
[01:02:44.843][info] [#0:script/workspace/loading.lua:100]: Preload file at: file:///tmp/.mount_nvimCMgEIA/usr/share/nvim/runtime/lua/vim/health.lua , size = 15.680 KB
[01:02:44.850][info] [#0:script/workspace/loading.lua:112]: ++++As library of:	file:///tmp/.mount_nvimCMgEIA/usr/share/nvim/runtime/lua
[01:02:44.850][info] [#0:script/workspace/loading.lua:100]: Preload file at: file:///tmp/.mount_nvimCMgEIA/usr/share/nvim/runtime/lua/vim/hl.lua , size = 6.054 KB
[01:02:44.853][info] [#0:script/workspace/loading.lua:112]: ++++As library of:	file:///tmp/.mount_nvimCMgEIA/usr/share/nvim/runtime/lua
[01:02:44.853][info] [#0:script/workspace/loading.lua:100]: Preload file at: file:///tmp/.mount_nvimCMgEIA/usr/share/nvim/runtime/lua/vim/inspect.lua , size = 8.899 KB
[01:02:44.857][info] [#0:script/workspace/loading.lua:112]: ++++As library of:	file:///tmp/.mount_nvimCMgEIA/usr/share/nvim/runtime/lua
[01:02:44.857][info] [#0:script/workspace/loading.lua:100]: Preload file at: file:///tmp/.mount_nvimCMgEIA/usr/share/nvim/runtime/lua/vim/iter.lua , size = 25.875 KB
[01:02:44.867][info] [#0:script/workspace/loading.lua:112]: ++++As library of:	file:///tmp/.mount_nvimCMgEIA/usr/share/nvim/runtime/lua
[01:02:44.867][info] [#0:script/workspace/loading.lua:100]: Preload file at: file:///tmp/.mount_nvimCMgEIA/usr/share/nvim/runtime/lua/vim/keymap.lua , size = 3.683 KB
[01:02:44.870][info] [#0:script/workspace/loading.lua:112]: ++++As library of:	file:///tmp/.mount_nvimCMgEIA/usr/share/nvim/runtime/lua
[01:02:44.870][info] [#0:script/workspace/loading.lua:100]: Preload file at: file:///tmp/.mount_nvimCMgEIA/usr/share/nvim/runtime/lua/vim/loader.lua , size = 14.564 KB
[01:02:44.877][info] [#0:script/workspace/loading.lua:112]: ++++As library of:	file:///tmp/.mount_nvimCMgEIA/usr/share/nvim/runtime/lua
[01:02:44.877][info] [#0:script/workspace/loading.lua:100]: Preload file at: file:///tmp/.mount_nvimCMgEIA/usr/share/nvim/runtime/lua/vim/lsp/_changetracking.lua , size = 11.493 KB
[01:02:44.881][info] [#0:script/workspace/loading.lua:112]: ++++As library of:	file:///tmp/.mount_nvimCMgEIA/usr/share/nvim/runtime/lua
[01:02:44.881][info] [#0:script/workspace/loading.lua:100]: Preload file at: file:///tmp/.mount_nvimCMgEIA/usr/share/nvim/runtime/lua/vim/lsp/_folding_range.lua , size = 11.103 KB
[01:02:44.886][info] [#0:script/workspace/loading.lua:112]: ++++As library of:	file:///tmp/.mount_nvimCMgEIA/usr/share/nvim/runtime/lua
[01:02:44.887][info] [#0:script/workspace/loading.lua:100]: Preload file at: file:///tmp/.mount_nvimCMgEIA/usr/share/nvim/runtime/lua/vim/lsp/_meta/protocol.lua , size = 188.964 KB
[01:02:44.933][info] [#0:script/workspace/loading.lua:112]: ++++As library of:	file:///tmp/.mount_nvimCMgEIA/usr/share/nvim/runtime/lua
[01:02:44.933][info] [#0:script/workspace/loading.lua:100]: Preload file at: file:///tmp/.mount_nvimCMgEIA/usr/share/nvim/runtime/lua/vim/lsp/_meta.lua , size = 0.585 KB
[01:02:44.934][info] [#0:script/workspace/loading.lua:112]: ++++As library of:	file:///tmp/.mount_nvimCMgEIA/usr/share/nvim/runtime/lua
[01:02:44.934][info] [#0:script/workspace/loading.lua:100]: Preload file at: file:///tmp/.mount_nvimCMgEIA/usr/share/nvim/runtime/lua/vim/lsp/_snippet_grammar.lua , size = 6.228 KB
[01:02:44.988][info] [#0:script/workspace/loading.lua:112]: ++++As library of:	file:///tmp/.mount_nvimCMgEIA/usr/share/nvim/runtime/lua
[01:02:44.990][info] [#0:script/workspace/loading.lua:100]: Preload file at: file:///tmp/.mount_nvimCMgEIA/usr/share/nvim/runtime/lua/vim/lsp/_tagfunc.lua , size = 3.236 KB
[01:02:44.995][info] [#0:script/workspace/loading.lua:112]: ++++As library of:	file:///tmp/.mount_nvimCMgEIA/usr/share/nvim/runtime/lua
[01:02:44.995][info] [#0:script/workspace/loading.lua:100]: Preload file at: file:///tmp/.mount_nvimCMgEIA/usr/share/nvim/runtime/lua/vim/lsp/_transport.lua , size = 5.152 KB
[01:02:44.997][info] [#0:script/workspace/loading.lua:112]: ++++As library of:	file:///tmp/.mount_nvimCMgEIA/usr/share/nvim/runtime/lua
[01:02:44.997][info] [#0:script/workspace/loading.lua:100]: Preload file at: file:///tmp/.mount_nvimCMgEIA/usr/share/nvim/runtime/lua/vim/lsp/_watchfiles.lua , size = 6.813 KB
[01:02:45.000][info] [#0:script/workspace/loading.lua:112]: ++++As library of:	file:///tmp/.mount_nvimCMgEIA/usr/share/nvim/runtime/lua
[01:02:45.000][info] [#0:script/workspace/loading.lua:100]: Preload file at: file:///tmp/.mount_nvimCMgEIA/usr/share/nvim/runtime/lua/vim/lsp/buf.lua , size = 42.998 KB
[01:02:45.014][info] [#0:script/workspace/loading.lua:112]: ++++As library of:	file:///tmp/.mount_nvimCMgEIA/usr/share/nvim/runtime/lua
[01:02:45.014][info] [#0:script/workspace/loading.lua:100]: Preload file at: file:///tmp/.mount_nvimCMgEIA/usr/share/nvim/runtime/lua/vim/lsp/client.lua , size = 40.645 KB
[01:02:45.027][info] [#0:script/workspace/loading.lua:112]: ++++As library of:	file:///tmp/.mount_nvimCMgEIA/usr/share/nvim/runtime/lua
[01:02:45.027][info] [#0:script/workspace/loading.lua:100]: Preload file at: file:///tmp/.mount_nvimCMgEIA/usr/share/nvim/runtime/lua/vim/lsp/codelens.lua , size = 9.245 KB
[01:02:45.030][info] [#0:script/workspace/loading.lua:112]: ++++As library of:	file:///tmp/.mount_nvimCMgEIA/usr/share/nvim/runtime/lua
[01:02:45.030][info] [#0:script/workspace/loading.lua:100]: Preload file at: file:///tmp/.mount_nvimCMgEIA/usr/share/nvim/runtime/lua/vim/lsp/completion.lua , size = 27.140 KB
[01:02:45.038][info] [#0:script/workspace/loading.lua:112]: ++++As library of:	file:///tmp/.mount_nvimCMgEIA/usr/share/nvim/runtime/lua
[01:02:45.055][info] [#0:script/workspace/loading.lua:100]: Preload file at: file:///tmp/.mount_nvimCMgEIA/usr/share/nvim/runtime/lua/vim/lsp/diagnostic.lua , size = 11.849 KB
[01:02:45.059][info] [#0:script/workspace/loading.lua:112]: ++++As library of:	file:///tmp/.mount_nvimCMgEIA/usr/share/nvim/runtime/lua
[01:02:45.060][info] [#0:script/workspace/loading.lua:100]: Preload file at: file:///tmp/.mount_nvimCMgEIA/usr/share/nvim/runtime/lua/vim/lsp/handlers.lua , size = 24.316 KB
[01:02:45.067][info] [#0:script/workspace/loading.lua:112]: ++++As library of:	file:///tmp/.mount_nvimCMgEIA/usr/share/nvim/runtime/lua
[01:02:45.067][info] [#0:script/workspace/loading.lua:100]: Preload file at: file:///tmp/.mount_nvimCMgEIA/usr/share/nvim/runtime/lua/vim/lsp/health.lua , size = 7.367 KB
[01:02:45.069][info] [#0:script/workspace/loading.lua:112]: ++++As library of:	file:///tmp/.mount_nvimCMgEIA/usr/share/nvim/runtime/lua
[01:02:45.069][info] [#0:script/workspace/loading.lua:100]: Preload file at: file:///tmp/.mount_nvimCMgEIA/usr/share/nvim/runtime/lua/vim/lsp/inlay_hint.lua , size = 11.941 KB
[01:02:45.073][info] [#0:script/workspace/loading.lua:112]: ++++As library of:	file:///tmp/.mount_nvimCMgEIA/usr/share/nvim/runtime/lua
[01:02:45.073][info] [#0:script/workspace/loading.lua:100]: Preload file at: file:///tmp/.mount_nvimCMgEIA/usr/share/nvim/runtime/lua/vim/lsp/log.lua , size = 5.593 KB
[01:02:45.075][info] [#0:script/workspace/loading.lua:112]: ++++As library of:	file:///tmp/.mount_nvimCMgEIA/usr/share/nvim/runtime/lua
[01:02:45.075][info] [#0:script/workspace/loading.lua:100]: Preload file at: file:///tmp/.mount_nvimCMgEIA/usr/share/nvim/runtime/lua/vim/lsp/protocol.lua , size = 44.826 KB
[01:02:45.081][info] [#0:script/workspace/loading.lua:112]: ++++As library of:	file:///tmp/.mount_nvimCMgEIA/usr/share/nvim/runtime/lua
[01:02:45.081][info] [#0:script/workspace/loading.lua:100]: Preload file at: file:///tmp/.mount_nvimCMgEIA/usr/share/nvim/runtime/lua/vim/lsp/rpc.lua , size = 22.153 KB
[01:02:45.087][info] [#0:script/workspace/loading.lua:112]: ++++As library of:	file:///tmp/.mount_nvimCMgEIA/usr/share/nvim/runtime/lua
[01:02:45.087][info] [#0:script/workspace/loading.lua:100]: Preload file at: file:///tmp/.mount_nvimCMgEIA/usr/share/nvim/runtime/lua/vim/lsp/semantic_tokens.lua , size = 27.239 KB
[01:02:45.094][info] [#0:script/workspace/loading.lua:112]: ++++As library of:	file:///tmp/.mount_nvimCMgEIA/usr/share/nvim/runtime/lua
[01:02:45.094][info] [#0:script/workspace/loading.lua:100]: Preload file at: file:///tmp/.mount_nvimCMgEIA/usr/share/nvim/runtime/lua/vim/lsp/sync.lua , size = 15.728 KB
[01:02:45.114][info] [#0:script/workspace/loading.lua:112]: ++++As library of:	file:///tmp/.mount_nvimCMgEIA/usr/share/nvim/runtime/lua
[01:02:45.114][info] [#0:script/workspace/loading.lua:100]: Preload file at: file:///tmp/.mount_nvimCMgEIA/usr/share/nvim/runtime/lua/vim/lsp/util.lua , size = 74.574 KB
[01:02:45.134][info] [#0:script/workspace/loading.lua:112]: ++++As library of:	file:///tmp/.mount_nvimCMgEIA/usr/share/nvim/runtime/lua
[01:02:45.134][info] [#0:script/workspace/loading.lua:100]: Preload file at: file:///tmp/.mount_nvimCMgEIA/usr/share/nvim/runtime/lua/vim/lsp.lua , size = 52.855 KB
[01:02:45.147][info] [#0:script/workspace/loading.lua:112]: ++++As library of:	file:///tmp/.mount_nvimCMgEIA/usr/share/nvim/runtime/lua
[01:02:45.147][info] [#0:script/workspace/loading.lua:100]: Preload file at: file:///tmp/.mount_nvimCMgEIA/usr/share/nvim/runtime/lua/vim/provider/health.lua , size = 29.545 KB
[01:02:45.176][info] [#0:script/workspace/loading.lua:112]: ++++As library of:	file:///tmp/.mount_nvimCMgEIA/usr/share/nvim/runtime/lua
[01:02:45.176][info] [#0:script/workspace/loading.lua:100]: Preload file at: file:///tmp/.mount_nvimCMgEIA/usr/share/nvim/runtime/lua/vim/provider/perl.lua , size = 1.998 KB
[01:02:45.177][info] [#0:script/workspace/loading.lua:112]: ++++As library of:	file:///tmp/.mount_nvimCMgEIA/usr/share/nvim/runtime/lua
[01:02:45.177][info] [#0:script/workspace/loading.lua:100]: Preload file at: file:///tmp/.mount_nvimCMgEIA/usr/share/nvim/runtime/lua/vim/provider/python.lua , size = 4.210 KB
[01:02:45.178][info] [#0:script/workspace/loading.lua:112]: ++++As library of:	file:///tmp/.mount_nvimCMgEIA/usr/share/nvim/runtime/lua
[01:02:45.178][info] [#0:script/workspace/loading.lua:100]: Preload file at: file:///tmp/.mount_nvimCMgEIA/usr/share/nvim/runtime/lua/vim/provider/ruby.lua , size = 1.563 KB
[01:02:45.179][info] [#0:script/workspace/loading.lua:112]: ++++As library of:	file:///tmp/.mount_nvimCMgEIA/usr/share/nvim/runtime/lua
[01:02:45.179][info] [#0:script/workspace/loading.lua:100]: Preload file at: file:///tmp/.mount_nvimCMgEIA/usr/share/nvim/runtime/lua/vim/provider.lua , size = 0.197 KB
[01:02:45.179][info] [#0:script/workspace/loading.lua:112]: ++++As library of:	file:///tmp/.mount_nvimCMgEIA/usr/share/nvim/runtime/lua
[01:02:45.179][info] [#0:script/workspace/loading.lua:100]: Preload file at: file:///tmp/.mount_nvimCMgEIA/usr/share/nvim/runtime/lua/vim/re.lua , size = 6.527 KB
[01:02:45.182][info] [#0:script/workspace/loading.lua:112]: ++++As library of:	file:///tmp/.mount_nvimCMgEIA/usr/share/nvim/runtime/lua
[01:02:45.182][info] [#0:script/workspace/loading.lua:100]: Preload file at: file:///tmp/.mount_nvimCMgEIA/usr/share/nvim/runtime/lua/vim/secure.lua , size = 6.484 KB
[01:02:45.184][info] [#0:script/workspace/loading.lua:112]: ++++As library of:	file:///tmp/.mount_nvimCMgEIA/usr/share/nvim/runtime/lua
[01:02:45.184][info] [#0:script/workspace/loading.lua:100]: Preload file at: file:///tmp/.mount_nvimCMgEIA/usr/share/nvim/runtime/lua/vim/shared.lua , size = 40.562 KB
[01:02:45.195][info] [#0:script/workspace/loading.lua:112]: ++++As library of:	file:///tmp/.mount_nvimCMgEIA/usr/share/nvim/runtime/lua
[01:02:45.195][info] [#0:script/workspace/loading.lua:100]: Preload file at: file:///tmp/.mount_nvimCMgEIA/usr/share/nvim/runtime/lua/vim/snippet.lua , size = 19.590 KB
[01:02:45.201][info] [#0:script/workspace/loading.lua:112]: ++++As library of:	file:///tmp/.mount_nvimCMgEIA/usr/share/nvim/runtime/lua
[01:02:45.201][info] [#0:script/workspace/loading.lua:100]: Preload file at: file:///tmp/.mount_nvimCMgEIA/usr/share/nvim/runtime/lua/vim/termcap.lua , size = 2.952 KB
[01:02:45.202][info] [#0:script/workspace/loading.lua:112]: ++++As library of:	file:///tmp/.mount_nvimCMgEIA/usr/share/nvim/runtime/lua
[01:02:45.202][info] [#0:script/workspace/loading.lua:100]: Preload file at: file:///tmp/.mount_nvimCMgEIA/usr/share/nvim/runtime/lua/vim/text.lua , size = 4.512 KB
[01:02:45.203][info] [#0:script/workspace/loading.lua:112]: ++++As library of:	file:///tmp/.mount_nvimCMgEIA/usr/share/nvim/runtime/lua
[01:02:45.203][info] [#0:script/workspace/loading.lua:100]: Preload file at: file:///tmp/.mount_nvimCMgEIA/usr/share/nvim/runtime/lua/vim/treesitter/_fold.lua , size = 14.803 KB
[01:02:45.207][info] [#0:script/workspace/loading.lua:112]: ++++As library of:	file:///tmp/.mount_nvimCMgEIA/usr/share/nvim/runtime/lua
[01:02:45.207][info] [#0:script/workspace/loading.lua:100]: Preload file at: file:///tmp/.mount_nvimCMgEIA/usr/share/nvim/runtime/lua/vim/treesitter/_headings.lua , size = 3.902 KB
[01:02:45.208][info] [#0:script/workspace/loading.lua:112]: ++++As library of:	file:///tmp/.mount_nvimCMgEIA/usr/share/nvim/runtime/lua
[01:02:45.212][info] [#0:script/workspace/loading.lua:100]: Preload file at: file:///tmp/.mount_nvimCMgEIA/usr/share/nvim/runtime/lua/vim/treesitter/_meta/misc.lua , size = 2.809 KB
[01:02:45.213][info] [#0:script/workspace/loading.lua:112]: ++++As library of:	file:///tmp/.mount_nvimCMgEIA/usr/share/nvim/runtime/lua
[01:02:45.214][info] [#0:script/workspace/loading.lua:100]: Preload file at: file:///tmp/.mount_nvimCMgEIA/usr/share/nvim/runtime/lua/vim/treesitter/_meta/tsnode.lua , size = 5.839 KB
[01:02:45.234][info] [#0:script/workspace/loading.lua:112]: ++++As library of:	file:///tmp/.mount_nvimCMgEIA/usr/share/nvim/runtime/lua
[01:02:45.237][info] [#0:script/workspace/loading.lua:100]: Preload file at: file:///tmp/.mount_nvimCMgEIA/usr/share/nvim/runtime/lua/vim/treesitter/_meta/tsquery.lua , size = 1.860 KB
[01:02:45.238][info] [#0:script/workspace/loading.lua:112]: ++++As library of:	file:///tmp/.mount_nvimCMgEIA/usr/share/nvim/runtime/lua
[01:02:45.238][info] [#0:script/workspace/loading.lua:88]: Skip loaded file: file:///home/muhammed-emin-eser/.config/nvim/lua/config/lazy.lua
[01:02:45.238][info] [#0:script/workspace/loading.lua:112]: ++++As library of:	file:///home/muhammed-emin-eser/.config/nvim/lua
[01:02:45.238][info] [#0:script/workspace/loading.lua:100]: Preload file at: file:///tmp/.mount_nvimCMgEIA/usr/share/nvim/runtime/lua/vim/treesitter/_meta/tstree.lua , size = 1.234 KB
[01:02:45.239][info] [#0:script/workspace/loading.lua:112]: ++++As library of:	file:///tmp/.mount_nvimCMgEIA/usr/share/nvim/runtime/lua
[01:02:45.239][info] [#0:script/workspace/loading.lua:100]: Preload file at: file:///tmp/.mount_nvimCMgEIA/usr/share/nvim/runtime/lua/vim/treesitter/_query_linter.lua , size = 7.818 KB
[01:02:45.241][info] [#0:script/workspace/loading.lua:112]: ++++As library of:	file:///tmp/.mount_nvimCMgEIA/usr/share/nvim/runtime/lua
[01:02:45.241][info] [#0:script/workspace/loading.lua:100]: Preload file at: file:///tmp/.mount_nvimCMgEIA/usr/share/nvim/runtime/lua/vim/treesitter/_range.lua , size = 3.923 KB
[01:02:45.243][info] [#0:script/workspace/loading.lua:112]: ++++As library of:	file:///tmp/.mount_nvimCMgEIA/usr/share/nvim/runtime/lua
[01:02:45.243][info] [#0:script/workspace/loading.lua:100]: Preload file at: file:///tmp/.mount_nvimCMgEIA/usr/share/nvim/runtime/lua/vim/treesitter/dev.lua , size = 21.149 KB
[01:02:45.249][info] [#0:script/workspace/loading.lua:112]: ++++As library of:	file:///tmp/.mount_nvimCMgEIA/usr/share/nvim/runtime/lua
[01:02:45.249][info] [#0:script/workspace/loading.lua:100]: Preload file at: file:///tmp/.mount_nvimCMgEIA/usr/share/nvim/runtime/lua/vim/treesitter/health.lua , size = 1.551 KB
[01:02:45.250][info] [#0:script/workspace/loading.lua:112]: ++++As library of:	file:///tmp/.mount_nvimCMgEIA/usr/share/nvim/runtime/lua
[01:02:45.250][info] [#0:script/workspace/loading.lua:100]: Preload file at: file:///tmp/.mount_nvimCMgEIA/usr/share/nvim/runtime/lua/vim/treesitter/highlighter.lua , size = 15.112 KB
[01:02:45.254][info] [#0:script/workspace/loading.lua:112]: ++++As library of:	file:///tmp/.mount_nvimCMgEIA/usr/share/nvim/runtime/lua
[01:02:45.254][info] [#0:script/workspace/loading.lua:100]: Preload file at: file:///tmp/.mount_nvimCMgEIA/usr/share/nvim/runtime/lua/vim/treesitter/language.lua , size = 5.382 KB
[01:02:45.256][info] [#0:script/workspace/loading.lua:112]: ++++As library of:	file:///tmp/.mount_nvimCMgEIA/usr/share/nvim/runtime/lua
[01:02:45.256][info] [#0:script/workspace/loading.lua:100]: Preload file at: file:///tmp/.mount_nvimCMgEIA/usr/share/nvim/runtime/lua/vim/treesitter/languagetree.lua , size = 40.223 KB
[01:02:45.267][info] [#0:script/workspace/loading.lua:112]: ++++As library of:	file:///tmp/.mount_nvimCMgEIA/usr/share/nvim/runtime/lua
[01:02:45.267][info] [#0:script/workspace/loading.lua:100]: Preload file at: file:///tmp/.mount_nvimCMgEIA/usr/share/nvim/runtime/lua/vim/treesitter/query.lua , size = 37.908 KB
[01:02:45.293][info] [#0:script/workspace/loading.lua:112]: ++++As library of:	file:///tmp/.mount_nvimCMgEIA/usr/share/nvim/runtime/lua
[01:02:45.293][info] [#0:script/workspace/loading.lua:100]: Preload file at: file:///tmp/.mount_nvimCMgEIA/usr/share/nvim/runtime/lua/vim/treesitter.lua , size = 15.239 KB
[01:02:45.298][info] [#0:script/workspace/loading.lua:112]: ++++As library of:	file:///tmp/.mount_nvimCMgEIA/usr/share/nvim/runtime/lua
[01:02:45.298][info] [#0:script/workspace/loading.lua:100]: Preload file at: file:///tmp/.mount_nvimCMgEIA/usr/share/nvim/runtime/lua/vim/ui/clipboard/osc52.lua , size = 2.146 KB
[01:02:45.298][info] [#0:script/workspace/loading.lua:112]: ++++As library of:	file:///tmp/.mount_nvimCMgEIA/usr/share/nvim/runtime/lua
[01:02:45.298][info] [#0:script/workspace/loading.lua:100]: Preload file at: file:///tmp/.mount_nvimCMgEIA/usr/share/nvim/runtime/lua/vim/ui.lua , size = 7.683 KB
[01:02:45.301][info] [#0:script/workspace/loading.lua:112]: ++++As library of:	file:///tmp/.mount_nvimCMgEIA/usr/share/nvim/runtime/lua
[01:02:45.301][info] [#0:script/workspace/loading.lua:100]: Preload file at: file:///tmp/.mount_nvimCMgEIA/usr/share/nvim/runtime/lua/vim/uri.lua , size = 3.614 KB
[01:02:45.302][info] [#0:script/workspace/loading.lua:112]: ++++As library of:	file:///tmp/.mount_nvimCMgEIA/usr/share/nvim/runtime/lua
[01:02:45.302][info] [#0:script/workspace/loading.lua:100]: Preload file at: file:///tmp/.mount_nvimCMgEIA/usr/share/nvim/runtime/lua/vim/version.lua , size = 13.701 KB
[01:02:45.306][info] [#0:script/workspace/loading.lua:112]: ++++As library of:	file:///tmp/.mount_nvimCMgEIA/usr/share/nvim/runtime/lua
[01:02:45.306][info] [#0:script/workspace/loading.lua:100]: Preload file at: file:///home/muhammed-emin-eser/.local/share/nvim/mason/packages/lua-language-server/libexec/meta/LuaJIT%20en-us%20utf8/ffi.lua , size = 2.529 KB
[01:02:45.307][info] [#0:script/workspace/loading.lua:112]: ++++As library of:	file:///home/muhammed-emin-eser/.local/share/nvim/mason/packages/lua-language-server/libexec/meta/LuaJIT%20en-us%20utf8/ffi.lua
[01:02:45.307][info] [#0:script/workspace/loading.lua:100]: Preload file at: file:///home/muhammed-emin-eser/.local/share/nvim/mason/packages/lua-language-server/libexec/meta/LuaJIT%20en-us%20utf8/string.lua , size = 6.371 KB
[01:02:45.309][info] [#0:script/workspace/loading.lua:112]: ++++As library of:	file:///home/muhammed-emin-eser/.local/share/nvim/mason/packages/lua-language-server/libexec/meta/LuaJIT%20en-us%20utf8/string.lua
[01:02:45.309][info] [#0:script/workspace/loading.lua:100]: Preload file at: file:///home/muhammed-emin-eser/.config/nvim/lua/plugins/extend-bufferline.lua , size = 0.541 KB
[01:02:45.309][info] [#0:script/workspace/loading.lua:112]: ++++As library of:	file:///home/muhammed-emin-eser/.config/nvim/lua
[01:02:45.309][info] [#0:script/workspace/loading.lua:100]: Preload file at: file:///home/muhammed-emin-eser/.config/nvim/lua/plugins/rip-substitute.lua , size = 0.211 KB
[01:02:45.309][info] [#0:script/workspace/loading.lua:112]: ++++As library of:	file:///home/muhammed-emin-eser/.config/nvim/lua
[01:02:45.309][info] [#0:script/workspace/loading.lua:100]: Preload file at: file:///home/muhammed-emin-eser/.config/nvim/lua/plugins/snacks.lua , size = 0.197 KB
[01:02:45.309][info] [#0:script/workspace/loading.lua:112]: ++++As library of:	file:///home/muhammed-emin-eser/.config/nvim/lua
[01:02:45.310][info] [#0:script/workspace/loading.lua:100]: Preload file at: file:///home/muhammed-emin-eser/.config/nvim/lua/plugins/noice.lua , size = 0.120 KB
[01:02:45.310][info] [#0:script/workspace/loading.lua:112]: ++++As library of:	file:///home/muhammed-emin-eser/.config/nvim/lua
[01:02:45.310][info] [#0:script/workspace/loading.lua:100]: Preload file at: file:///home/muhammed-emin-eser/.config/nvim/lua/plugins/example.lua , size = 5.171 KB
[01:02:45.311][info] [#0:script/workspace/loading.lua:112]: ++++As library of:	file:///home/muhammed-emin-eser/.config/nvim/lua
[01:02:45.311][info] [#0:script/workspace/loading.lua:100]: Preload file at: file:///home/muhammed-emin-eser/.config/nvim/lua/plugins/blink.lua , size = 0.327 KB
[01:02:45.311][info] [#0:script/workspace/loading.lua:112]: ++++As library of:	file:///home/muhammed-emin-eser/.config/nvim/lua
[01:02:45.311][info] [#0:script/workspace/loading.lua:100]: Preload file at: file:///home/muhammed-emin-eser/.config/nvim/lua/plugins/gitignore.lua , size = 0.119 KB
[01:02:45.311][info] [#0:script/workspace/loading.lua:112]: ++++As library of:	file:///home/muhammed-emin-eser/.config/nvim/lua
[01:02:45.318][info] [#0:script/workspace/loading.lua:100]: Preload file at: file:///home/muhammed-emin-eser/.config/nvim/lua/config/extend-mini-files.lua , size = 0.786 KB
[01:02:45.319][info] [#0:script/workspace/loading.lua:112]: ++++As library of:	file:///home/muhammed-emin-eser/.config/nvim/lua
[01:02:45.319][info] [#0:script/workspace/loading.lua:100]: Preload file at: file:///home/muhammed-emin-eser/.config/nvim/lua/config/keymaps.lua , size = 0.204 KB
[01:02:45.319][info] [#0:script/workspace/loading.lua:112]: ++++As library of:	file:///home/muhammed-emin-eser/.config/nvim/lua
[01:02:45.319][info] [#0:script/workspace/loading.lua:100]: Preload file at: file:///home/muhammed-emin-eser/.config/nvim/lua/config/options.lua , size = 4.484 KB
[01:02:45.320][info] [#0:script/workspace/loading.lua:112]: ++++As library of:	file:///home/muhammed-emin-eser/.config/nvim/lua
[01:02:45.320][info] [#0:script/workspace/loading.lua:100]: Preload file at: file:///home/muhammed-emin-eser/.config/nvim/lua/config/disable.lua , size = 0.242 KB
[01:02:45.320][info] [#0:script/workspace/loading.lua:112]: ++++As library of:	file:///home/muhammed-emin-eser/.config/nvim/lua
[01:02:45.320][info] [#0:script/workspace/loading.lua:100]: Preload file at: file:///home/muhammed-emin-eser/.config/nvim/lua/config/spider.lua , size = 0.511 KB
[01:02:45.321][info] [#0:script/workspace/loading.lua:112]: ++++As library of:	file:///home/muhammed-emin-eser/.config/nvim/lua
[01:02:45.321][info] [#0:script/workspace/loading.lua:100]: Preload file at: file:///home/muhammed-emin-eser/.config/nvim/init.lua , size = 0.921 KB
[01:02:45.321][info] [#0:script/workspace/loading.lua:172]: Loaded files takes [1.453] sec: file:///home/muhammed-emin-eser/.config/nvim
[01:02:45.321][info] [#0:script/workspace/loading.lua:181]: Compile files takes [0.000] sec: file:///home/muhammed-emin-eser/.config/nvim
[01:02:45.321][info] [#0:script/workspace/loading.lua:182]: Loaded finish:	file:///home/muhammed-emin-eser/.config/nvim
[01:02:45.321][info] [#0:script/workspace/workspace.lua:387]: Preload finish at:	file:///home/muhammed-emin-eser/.config/nvim
[01:02:45.418][info] [#0:script/provider/diagnostic.lua:560]: Diagnostics scope [file:///home/muhammed-emin-eser/.config/nvim], files count:[382]
[01:02:45.421][warn] [#0:script/proto/proto.lua:189]: Method [textDocument/didOpen] takes [1.774]sec. {
  jsonrpc = "2.0",
  method = "textDocument/didOpen",
  params = {
    textDocument = {
      languageId = "lua",
      text = '"***"',
      uri = "file:///home/muhammed-emin-eser/.config/nvim/lua/config/lazy.lua",
      version = 0
    }
  }
}
[01:02:45.433][warn] [#0:script/proto/proto.lua:189]: Method [textDocument/documentHighlight] takes [1.670]sec. {
  id = 14,
  jsonrpc = "2.0",
  method = "textDocument/documentHighlight",
  params = {
    position = {
      character = 6,
      line = 34
    },
    textDocument = {
      uri = "file:///home/muhammed-emin-eser/.config/nvim/lua/config/lazy.lua"
    }
  }
}
[01:02:45.433][warn] [#0:script/proto/proto.lua:189]: Method [textDocument/semanticTokens/full] takes [1.760]sec. {
  id = 12,
  jsonrpc = "2.0",
  method = "textDocument/semanticTokens/full",
  params = {
    textDocument = {
      uri = "file:///home/muhammed-emin-eser/.config/nvim/lua/config/lazy.lua"
    }
  }
}
[01:02:45.436][warn] [#0:script/proto/proto.lua:189]: Method [textDocument/inlayHint] takes [1.764]sec. {
  id = 7,
  jsonrpc = "2.0",
  method = "textDocument/inlayHint",
  params = {
    range = {
      end = {
        character = 0,
        line = 53
      },
      start = {
        character = 0,
        line = 0
      }
    },
    textDocument = {
      uri = "file:///home/muhammed-emin-eser/.config/nvim/lua/config/lazy.lua"
    }
  }
}
[01:02:45.436][warn] [#0:script/proto/proto.lua:189]: Method [textDocument/inlayHint] takes [1.764]sec. {
  id = 9,
  jsonrpc = "2.0",
  method = "textDocument/inlayHint",
  params = {
    range = {
      end = {
        character = 0,
        line = 53
      },
      start = {
        character = 0,
        line = 0
      }
    },
    textDocument = {
      uri = "file:///home/muhammed-emin-eser/.config/nvim/lua/config/lazy.lua"
    }
  }
}
[01:02:45.436][warn] [#0:script/proto/proto.lua:189]: Method [textDocument/inlayHint] takes [1.764]sec. {
  id = 11,
  jsonrpc = "2.0",
  method = "textDocument/inlayHint",
  params = {
    range = {
      end = {
        character = 0,
        line = 53
      },
      start = {
        character = 0,
        line = 0
      }
    },
    textDocument = {
      uri = "file:///home/muhammed-emin-eser/.config/nvim/lua/config/lazy.lua"
    }
  }
}
[01:02:45.436][warn] [#0:script/proto/proto.lua:189]: Method [textDocument/inlayHint] takes [1.763]sec. {
  id = 13,
  jsonrpc = "2.0",
  method = "textDocument/inlayHint",
  params = {
    range = {
      end = {
        character = 0,
        line = 53
      },
      start = {
        character = 0,
        line = 0
      }
    },
    textDocument = {
      uri = "file:///home/muhammed-emin-eser/.config/nvim/lua/config/lazy.lua"
    }
  }
}
[01:02:45.441][warn] [#0:script/proto/proto.lua:189]: Method [textDocument/documentSymbol] takes [1.787]sec. {
  id = 4,
  jsonrpc = "2.0",
  method = "textDocument/documentSymbol",
  params = {
    textDocument = {
      uri = "file:///home/muhammed-emin-eser/.config/nvim/lua/config/lazy.lua"
    }
  }
}
[01:02:45.446][warn] [#0:script/proto/proto.lua:189]: Method [textDocument/foldingRange] takes [1.784]sec. {
  id = 5,
  jsonrpc = "2.0",
  method = "textDocument/foldingRange",
  params = {
    textDocument = {
      uri = "file:///home/muhammed-emin-eser/.config/nvim/lua/config/lazy.lua"
    }
  }
}
[01:02:45.508][info] [#0:script/provider/diagnostic.lua:577]: Diagnostics scope [file:///home/muhammed-emin-eser/.config/nvim] finished, takes [0.091] sec.
[01:03:28.111][info] [#0:script/provider/diagnostic.lua:171]: clearDiagnostics	file:///home/muhammed-emin-eser/.config/nvim/lua/config/lazy.lua
[01:03:28.498][info] [#0:script/provider/diagnostic.lua:171]: clearDiagnostics	file:///home/muhammed-emin-eser/.config/nvim/lua/config/lazy.lua
[01:03:57.191][info] [#0:script/provider/diagnostic.lua:171]: clearDiagnostics	file:///home/muhammed-emin-eser/.config/nvim/lua/config/lazy.lua
[01:04:08.176][warn] [#0:script/provider/provider.lua:654]: Completion takes 0.117 sec.
[01:04:35.287][info] [#0:script/provider/diagnostic.lua:171]: clearDiagnostics	file:///home/muhammed-emin-eser/.config/nvim/lua/config/lazy.lua
[01:04:53.603][info] [#0:script/provider/diagnostic.lua:560]: Diagnostics scope [file:///home/muhammed-emin-eser/.config/nvim], files count:[382]
[01:04:53.654][info] [#0:script/provider/diagnostic.lua:577]: Diagnostics scope [file:///home/muhammed-emin-eser/.config/nvim] finished, takes [0.053] sec.
[01:07:41.201][warn] [#0:script/pub/report.lua:24]: Load proto error:	Disconnected!
[01:07:43.112][info] [#0:script/provider/provider.lua:176]: Server shutdown.
[01:07:43.112][warn] [#0:script/pub/report.lua:24]: Load proto error:	Disconnected!
