[11:08:24.201][info] [#0:/home/muhammed-emin-eser/.local/share/nvim/mason/packages/lua-language-server/libexec/main.lua:71]: Lua Lsp startup, root: 	/home/muhammed-emin-eser/.local/share/nvim/mason/packages/lua-language-server/libexec
[11:08:24.202][info] [#0:/home/muhammed-emin-eser/.local/share/nvim/mason/packages/lua-language-server/libexec/main.lua:72]: ROOT:	/home/muhammed-emin-eser/.local/share/nvim/mason/packages/lua-language-server/libexec
[11:08:24.202][info] [#0:/home/muhammed-emin-eser/.local/share/nvim/mason/packages/lua-language-server/libexec/main.lua:73]: LOGPATH:	/home/muhammed-emin-eser/.local/share/nvim/mason/packages/lua-language-server/libexec/log
[11:08:24.202][info] [#0:/home/muhammed-emin-eser/.local/share/nvim/mason/packages/lua-language-server/libexec/main.lua:74]: METAPATH:	/home/muhammed-emin-eser/.local/share/nvim/mason/packages/lua-language-server/libexec/meta
[11:08:24.202][info] [#0:/home/muhammed-emin-eser/.local/share/nvim/mason/packages/lua-language-server/libexec/main.lua:75]: VERSION:	3.18.2-dev
[11:08:24.250][info] [#0:script/proto/proto.lua:260]: Listen Mode: stdio
[11:08:24.250][info] [#0:script/service/service.lua:145]: 
========= Medical Examination Report =========
    --------------- Memory ---------------
        Total: 1.928 MB
        # 00 : 1.928 MB
        # 01 : 0.000 MB
        # 02 : 0.000 MB
        # 03 : 0.000 MB
        # 04 : 0.000 MB
    --------------- Coroutine ---------------
        Total:     0
        Running:   0
        Suspended: 0
        Normal:    0
        Dead:      0
    --------------- Cache ---------------
        Total: 1
        Dead:  0
    ---------------  RPC  ---------------
        Holdon:   0
        Waiting:  0
==============================================
[11:08:24.259][info] [#0:script/client.lua:657]: Client init	{
  capabilities = {
    general = {
      positionEncodings = { "utf-8", "utf-16", "utf-32" }
    },
    textDocument = {
      callHierarchy = {
        dynamicRegistration = false
      },
      codeAction = {
        codeActionLiteralSupport = {
          codeActionKind = {
            valueSet = { "", "quickfix", "refactor", "refactor.extract", "refactor.inline", "refactor.rewrite", "source", "source.organizeImports" }
          }
        },
        dataSupport = true,
        dynamicRegistration = true,
        isPreferredSupport = true,
        resolveSupport = {
          properties = { "edit", "command" }
        }
      },
      codeLens = {
        dynamicRegistration = false,
        resolveSupport = {
          properties = { "command" }
        }
      },
      completion = {
        completionItem = {
          commitCharactersSupport = false,
          deprecatedSupport = true,
          documentationFormat = { "markdown", "plaintext" },
          preselectSupport = false,
          resolveSupport = {
            properties = { "additionalTextEdits", "command" }
          },
          snippetSupport = true,
          tagSupport = {
            valueSet = { 1 }
          }
        },
        completionItemKind = {
          valueSet = { 1, 2, 3, 4, 5, 6, 7, 8, 9, 10, 11, 12, 13, 14, 15, 16, 17, 18, 19, 20, 21, 22, 23, 24, 25 }
        },
        completionList = {
          itemDefaults = { "editRange", "insertTextFormat", "insertTextMode", "data" }
        },
        contextSupport = true,
        dynamicRegistration = false
      },
      declaration = {
        linkSupport = true
      },
      definition = {
        dynamicRegistration = true,
        linkSupport = true
      },
      diagnostic = {
        dynamicRegistration = false
      },
      documentHighlight = {
        dynamicRegistration = false
      },
      documentSymbol = {
        dynamicRegistration = false,
        hierarchicalDocumentSymbolSupport = true,
        symbolKind = {
          valueSet = { 1, 2, 3, 4, 5, 6, 7, 8, 9, 10, 11, 12, 13, 14, 15, 16, 17, 18, 19, 20, 21, 22, 23, 24, 25, 26 }
        }
      },
      foldingRange = {
        dynamicRegistration = false,
        foldingRange = {
          collapsedText = true
        },
        lineFoldingOnly = true
      },
      formatting = {
        dynamicRegistration = true
      },
      hover = {
        contentFormat = { "markdown", "plaintext" },
        dynamicRegistration = true
      },
      implementation = {
        linkSupport = true
      },
      inlayHint = {
        dynamicRegistration = true,
        resolveSupport = {
          properties = { "textEdits", "tooltip", "location", "command" }
        }
      },
      publishDiagnostics = {
        dataSupport = true,
        relatedInformation = true,
        tagSupport = {
          valueSet = { 1, 2 }
        }
      },
      rangeFormatting = {
        dynamicRegistration = true,
        rangesSupport = true
      },
      references = {
        dynamicRegistration = false
      },
      rename = {
        dynamicRegistration = true,
        prepareSupport = true
      },
      semanticTokens = {
        augmentsSyntaxTokens = true,
        dynamicRegistration = false,
        formats = { "relative" },
        multilineTokenSupport = false,
        overlappingTokenSupport = true,
        requests = {
          full = {
            delta = true
          },
          range = false
        },
        serverCancelSupport = false,
        tokenModifiers = { "declaration", "definition", "readonly", "static", "deprecated", "abstract", "async", "modification", "documentation", "defaultLibrary" },
        tokenTypes = { "namespace", "type", "class", "enum", "interface", "struct", "typeParameter", "parameter", "variable", "property", "enumMember", "event", "function", "method", "macro", "keyword", "modifier", "comment", "string", "number", "regexp", "operator", "decorator" }
      },
      signatureHelp = {
        dynamicRegistration = false,
        signatureInformation = {
          activeParameterSupport = true,
          documentationFormat = { "markdown", "plaintext" },
          parameterInformation = {
            labelOffsetSupport = true
          }
        }
      },
      synchronization = {
        didSave = true,
        dynamicRegistration = false,
        willSave = true,
        willSaveWaitUntil = true
      },
      typeDefinition = {
        linkSupport = true
      }
    },
    window = {
      showDocument = {
        support = true
      },
      showMessage = {
        messageActionItem = {
          additionalPropertiesSupport = true
        }
      },
      workDoneProgress = true
    },
    workspace = {
      applyEdit = true,
      configuration = true,
      didChangeConfiguration = {
        dynamicRegistration = false
      },
      didChangeWatchedFiles = {
        dynamicRegistration = false,
        relativePatternSupport = true
      },
      fileOperations = {
        didRename = true,
        willRename = true
      },
      inlayHint = {
        refreshSupport = true
      },
      semanticTokens = {
        refreshSupport = true
      },
      symbol = {
        dynamicRegistration = false,
        symbolKind = {
          valueSet = { 1, 2, 3, 4, 5, 6, 7, 8, 9, 10, 11, 12, 13, 14, 15, 16, 17, 18, 19, 20, 21, 22, 23, 24, 25, 26 }
        }
      },
      workspaceEdit = {
        resourceOperations = { "rename", "create", "delete" }
      },
      workspaceFolders = true
    }
  },
  clientInfo = {
    name = "Neovim",
    version = "0.11.2+ga73904168a"
  },
  processId = 18973,
  rootPath = "/home/muhammed-emin-eser/dotfiles",
  rootUri = "file:///home/muhammed-emin-eser/dotfiles",
  trace = "off",
  workDoneToken = "1",
  workspaceFolders = { {
      name = "/home/muhammed-emin-eser/dotfiles",
      uri = "file:///home/muhammed-emin-eser/dotfiles"
    } }
}
[11:08:24.260][info] [#0:script/language.lua:137]: VSC language: nil
[11:08:24.260][info] [#0:script/language.lua:138]: LS  language: en-us
[11:08:24.260][info] [#0:script/workspace/workspace.lua:38]: Workspace init root: 	file:///home/muhammed-emin-eser/dotfiles
[11:08:24.260][info] [#0:script/workspace/workspace.lua:42]: Log path: 	/home/muhammed-emin-eser/.local/share/nvim/mason/packages/lua-language-server/libexec/log/file_home_muhammed-emin-eser_dotfiles.log
[11:08:24.260][info] [#0:script/workspace/workspace.lua:48]: Workspace create: 	file:///home/muhammed-emin-eser/dotfiles
[11:08:24.290][info] [#0:script/provider/provider.lua:49]: Load config from client	file:///home/muhammed-emin-eser/dotfiles
[11:08:24.290][info] [#0:script/provider/provider.lua:50]: {
  Lua = {
    codeLens = {
      enable = true
    },
    completion = {
      callSnippet = "Replace"
    },
    doc = {
      privateName = { "^_" }
    },
    hint = {
      arrayIndex = "Disable",
      enable = true,
      paramName = "Disable",
      paramType = true,
      semicolon = "Disable",
      setType = false
    },
    workspace = {
      checkThirdParty = false
    }
  }
}
[11:08:24.290][info] [#0:script/provider/provider.lua:49]: Load config from client	file:///home/muhammed-emin-eser/dotfiles
[11:08:24.290][info] [#0:script/provider/provider.lua:50]: {
  Lua = {
    codeLens = {
      enable = true
    },
    completion = {
      callSnippet = "Replace"
    },
    doc = {
      privateName = { "^_" }
    },
    hint = {
      arrayIndex = "Disable",
      enable = true,
      paramName = "Disable",
      paramType = true,
      semicolon = "Disable",
      setType = false
    },
    workspace = {
      checkThirdParty = false
    }
  }
}
[11:08:24.293][warn] [#0:script/config/loader.lua:116]: No config?	{}
[11:08:24.293][info] [#0:script/provider/provider.lua:65]: Load config from client	fallback
[11:08:24.293][info] [#0:script/provider/provider.lua:66]: nil
[11:08:24.293][warn] [#0:script/config/loader.lua:116]: No config?	{}
[11:08:24.293][info] [#0:script/provider/provider.lua:65]: Load config from client	fallback
[11:08:24.293][info] [#0:script/provider/provider.lua:66]: nil
[11:08:24.293][info] [#0:script/provider/provider.lua:49]: Load config from client	file:///home/muhammed-emin-eser/dotfiles
[11:08:24.293][info] [#0:script/provider/provider.lua:50]: {
  Lua = {
    codeLens = {
      enable = true
    },
    completion = {
      callSnippet = "Replace"
    },
    doc = {
      privateName = { "^_" }
    },
    hint = {
      arrayIndex = "Disable",
      enable = true,
      paramName = "Disable",
      paramType = true,
      semicolon = "Disable",
      setType = false
    },
    runtime = {
      path = { "?.lua", "?/init.lua" },
      pathStrict = true,
      version = "LuaJIT"
    },
    workspace = {
      checkThirdParty = false,
      ignoreDir = { "/lua" },
      library = { "/tmp/.mount_nvimmmmcEM/usr/share/nvim/runtime/lua", "/home/muhammed-emin-eser/.local/share/nvim/lazy/LazyVim/lua", "/home/muhammed-emin-eser/.local/share/nvim/lazy/lazy.nvim/lua", "/home/muhammed-emin-eser/dotfiles/nvim/nvim/lua" }
    }
  }
}
[11:08:24.325][warn] [#0:script/config/loader.lua:116]: No config?	{}
[11:08:24.325][info] [#0:script/provider/provider.lua:65]: Load config from client	fallback
[11:08:24.325][info] [#0:script/provider/provider.lua:66]: nil
[11:08:24.479][info] [#0:script/library.lua:216]: Init builtin library at:	file:///home/muhammed-emin-eser/dotfiles
[11:08:24.494][info] [#0:script/library.lua:216]: Init builtin library at:	nil
[11:08:24.606][info] [#0:script/workspace/workspace.lua:330]: Preload start:	file:///home/muhammed-emin-eser/dotfiles
[11:08:24.615][info] [#0:script/workspace/workspace.lua:336]: Scan files at:	file:///home/muhammed-emin-eser/dotfiles
[11:08:24.625][info] [#0:script/workspace/workspace.lua:330]: Preload start:	<fallback>
[11:08:24.627][info] [#0:script/workspace/workspace.lua:359]: Scan library at:	file:///home/muhammed-emin-eser/.local/share/nvim/mason/packages/lua-language-server/libexec/meta/Lua%205.4%20en-us%20utf8/builtin.lua
[11:08:24.628][info] [#0:script/workspace/workspace.lua:359]: Scan library at:	file:///home/muhammed-emin-eser/.local/share/nvim/mason/packages/lua-language-server/libexec/meta/Lua%205.4%20en-us%20utf8/string.lua
[11:08:24.629][info] [#0:script/workspace/workspace.lua:359]: Scan library at:	file:///home/muhammed-emin-eser/.local/share/nvim/mason/packages/lua-language-server/libexec/meta/Lua%205.4%20en-us%20utf8/debug.lua
[11:08:24.629][info] [#0:script/workspace/workspace.lua:359]: Scan library at:	file:///home/muhammed-emin-eser/.local/share/nvim/mason/packages/lua-language-server/libexec/meta/Lua%205.4%20en-us%20utf8/table.lua
[11:08:24.629][info] [#0:script/workspace/workspace.lua:359]: Scan library at:	file:///home/muhammed-emin-eser/.local/share/nvim/mason/packages/lua-language-server/libexec/meta/Lua%205.4%20en-us%20utf8/math.lua
[11:08:24.630][info] [#0:script/workspace/workspace.lua:359]: Scan library at:	file:///home/muhammed-emin-eser/.local/share/nvim/mason/packages/lua-language-server/libexec/meta/Lua%205.4%20en-us%20utf8/coroutine.lua
[11:08:24.630][info] [#0:script/workspace/workspace.lua:359]: Scan library at:	file:///home/muhammed-emin-eser/.local/share/nvim/mason/packages/lua-language-server/libexec/meta/Lua%205.4%20en-us%20utf8/io.lua
[11:08:24.630][info] [#0:script/workspace/workspace.lua:359]: Scan library at:	file:///home/muhammed-emin-eser/.local/share/nvim/mason/packages/lua-language-server/libexec/meta/Lua%205.4%20en-us%20utf8/basic.lua
[11:08:24.630][info] [#0:script/workspace/workspace.lua:359]: Scan library at:	file:///home/muhammed-emin-eser/.local/share/nvim/mason/packages/lua-language-server/libexec/meta/Lua%205.4%20en-us%20utf8/os.lua
[11:08:24.630][info] [#0:script/workspace/workspace.lua:359]: Scan library at:	file:///home/muhammed-emin-eser/.local/share/nvim/mason/packages/lua-language-server/libexec/meta/Lua%205.4%20en-us%20utf8/package.lua
[11:08:24.630][info] [#0:script/workspace/workspace.lua:359]: Scan library at:	file:///home/muhammed-emin-eser/.local/share/nvim/mason/packages/lua-language-server/libexec/meta/Lua%205.4%20en-us%20utf8/utf8.lua
[11:08:24.637][info] [#0:script/workspace/workspace.lua:359]: Scan library at:	file:///home/muhammed-emin-eser/.local/share/nvim/lazy/LazyVim/lua
[11:08:24.657][info] [#0:script/workspace/workspace.lua:359]: Scan library at:	file:///home/muhammed-emin-eser/.local/share/nvim/mason/packages/lua-language-server/libexec/meta/LuaJIT%20en-us%20utf8/string.lua
[11:08:24.658][info] [#0:script/workspace/workspace.lua:359]: Scan library at:	file:///home/muhammed-emin-eser/dotfiles/nvim/nvim/lua
[11:08:24.659][info] [#0:script/workspace/workspace.lua:359]: Scan library at:	file:///home/muhammed-emin-eser/.local/share/nvim/mason/packages/lua-language-server/libexec/meta/LuaJIT%20en-us%20utf8/table.lua
[11:08:24.659][info] [#0:script/workspace/workspace.lua:359]: Scan library at:	file:///home/muhammed-emin-eser/.local/share/nvim/mason/packages/lua-language-server/libexec/meta/LuaJIT%20en-us%20utf8/jit/profile.lua
[11:08:24.659][info] [#0:script/workspace/workspace.lua:359]: Scan library at:	file:///home/muhammed-emin-eser/.local/share/nvim/mason/packages/lua-language-server/libexec/meta/LuaJIT%20en-us%20utf8/io.lua
[11:08:24.659][info] [#0:script/workspace/workspace.lua:359]: Scan library at:	file:///tmp/.mount_nvimmmmcEM/usr/share/nvim/runtime/lua
[11:08:24.671][info] [#0:script/workspace/workspace.lua:359]: Scan library at:	file:///home/muhammed-emin-eser/.local/share/nvim/mason/packages/lua-language-server/libexec/meta/LuaJIT%20en-us%20utf8/jit/util.lua
[11:08:24.671][info] [#0:script/workspace/workspace.lua:359]: Scan library at:	file:///home/muhammed-emin-eser/.local/share/nvim/mason/packages/lua-language-server/libexec/meta/LuaJIT%20en-us%20utf8/bit.lua
[11:08:24.671][info] [#0:script/workspace/workspace.lua:359]: Scan library at:	file:///home/muhammed-emin-eser/.local/share/nvim/mason/packages/lua-language-server/libexec/meta/LuaJIT%20en-us%20utf8/table/new.lua
[11:08:24.672][info] [#0:script/workspace/workspace.lua:359]: Scan library at:	file:///home/muhammed-emin-eser/.local/share/nvim/mason/packages/lua-language-server/libexec/meta/LuaJIT%20en-us%20utf8/os.lua
[11:08:24.672][info] [#0:script/workspace/workspace.lua:359]: Scan library at:	file:///home/muhammed-emin-eser/.local/share/nvim/mason/packages/lua-language-server/libexec/meta/LuaJIT%20en-us%20utf8/builtin.lua
[11:08:24.672][info] [#0:script/workspace/workspace.lua:359]: Scan library at:	file:///home/muhammed-emin-eser/.local/share/nvim/lazy/lazy.nvim/lua
[11:08:24.676][info] [#0:script/workspace/workspace.lua:359]: Scan library at:	file:///home/muhammed-emin-eser/.local/share/nvim/mason/packages/lua-language-server/libexec/meta/LuaJIT%20en-us%20utf8/ffi.lua
[11:08:24.676][info] [#0:script/workspace/workspace.lua:359]: Scan library at:	file:///home/muhammed-emin-eser/.local/share/nvim/mason/packages/lua-language-server/libexec/meta/LuaJIT%20en-us%20utf8/string/buffer.lua
[11:08:24.676][info] [#0:script/workspace/workspace.lua:359]: Scan library at:	file:///home/muhammed-emin-eser/.local/share/nvim/mason/packages/lua-language-server/libexec/meta/LuaJIT%20en-us%20utf8/jit.lua
[11:08:24.677][info] [#0:script/workspace/workspace.lua:359]: Scan library at:	file:///home/muhammed-emin-eser/.local/share/nvim/mason/packages/lua-language-server/libexec/meta/LuaJIT%20en-us%20utf8/table/clear.lua
[11:08:24.677][info] [#0:script/workspace/workspace.lua:359]: Scan library at:	file:///home/muhammed-emin-eser/.local/share/nvim/mason/packages/lua-language-server/libexec/meta/LuaJIT%20en-us%20utf8/math.lua
[11:08:24.677][info] [#0:script/workspace/workspace.lua:359]: Scan library at:	file:///home/muhammed-emin-eser/.local/share/nvim/mason/packages/lua-language-server/libexec/meta/LuaJIT%20en-us%20utf8/coroutine.lua
[11:08:24.677][info] [#0:script/workspace/workspace.lua:359]: Scan library at:	file:///home/muhammed-emin-eser/.local/share/nvim/mason/packages/lua-language-server/libexec/meta/LuaJIT%20en-us%20utf8/debug.lua
[11:08:24.677][info] [#0:script/workspace/workspace.lua:359]: Scan library at:	file:///home/muhammed-emin-eser/.local/share/nvim/mason/packages/lua-language-server/libexec/meta/LuaJIT%20en-us%20utf8/basic.lua
[11:08:24.677][info] [#0:script/workspace/workspace.lua:359]: Scan library at:	file:///home/muhammed-emin-eser/.local/share/nvim/mason/packages/lua-language-server/libexec/meta/LuaJIT%20en-us%20utf8/package.lua
[11:08:24.828][info] [#0:script/workspace/workspace.lua:385]: Found 11 files at:	<fallback>
[11:08:24.828][info] [#0:script/workspace/loading.lua:160]: Load files from disk:	<fallback>
[11:08:24.828][info] [#0:script/workspace/workspace.lua:385]: Found 405 files at:	file:///home/muhammed-emin-eser/dotfiles
[11:08:24.828][info] [#0:script/workspace/loading.lua:160]: Load files from disk:	file:///home/muhammed-emin-eser/dotfiles
[11:08:24.830][info] [#0:script/workspace/loading.lua:100]: Preload file at: file:///home/muhammed-emin-eser/.local/share/nvim/mason/packages/lua-language-server/libexec/meta/LuaJIT%20en-us%20utf8/package.lua , size = 2.699 KB
[11:08:24.834][info] [#0:script/workspace/loading.lua:112]: ++++As library of:	file:///home/muhammed-emin-eser/.local/share/nvim/mason/packages/lua-language-server/libexec/meta/LuaJIT%20en-us%20utf8/package.lua
[11:08:24.834][info] [#0:script/workspace/loading.lua:100]: Preload file at: file:///home/muhammed-emin-eser/.local/share/nvim/mason/packages/lua-language-server/libexec/meta/Lua%205.4%20en-us%20utf8/utf8.lua , size = 2.387 KB
[11:08:24.838][info] [#0:script/workspace/loading.lua:112]: ++++As library of:	file:///home/muhammed-emin-eser/.local/share/nvim/mason/packages/lua-language-server/libexec/meta/Lua%205.4%20en-us%20utf8/utf8.lua
[11:08:24.838][info] [#0:script/workspace/loading.lua:100]: Preload file at: file:///home/muhammed-emin-eser/.local/share/nvim/mason/packages/lua-language-server/libexec/meta/Lua%205.4%20en-us%20utf8/package.lua , size = 2.944 KB
[11:08:24.842][info] [#0:script/workspace/loading.lua:112]: ++++As library of:	file:///home/muhammed-emin-eser/.local/share/nvim/mason/packages/lua-language-server/libexec/meta/Lua%205.4%20en-us%20utf8/package.lua
[11:08:24.842][info] [#0:script/workspace/loading.lua:100]: Preload file at: file:///home/muhammed-emin-eser/.local/share/nvim/mason/packages/lua-language-server/libexec/meta/LuaJIT%20en-us%20utf8/basic.lua , size = 16.126 KB
[11:08:24.864][info] [#0:script/workspace/loading.lua:112]: ++++As library of:	file:///home/muhammed-emin-eser/.local/share/nvim/mason/packages/lua-language-server/libexec/meta/LuaJIT%20en-us%20utf8/basic.lua
[11:08:24.864][info] [#0:script/workspace/loading.lua:100]: Preload file at: file:///home/muhammed-emin-eser/.local/share/nvim/mason/packages/lua-language-server/libexec/meta/Lua%205.4%20en-us%20utf8/os.lua , size = 5.662 KB
[11:08:24.871][info] [#0:script/workspace/loading.lua:112]: ++++As library of:	file:///home/muhammed-emin-eser/.local/share/nvim/mason/packages/lua-language-server/libexec/meta/Lua%205.4%20en-us%20utf8/os.lua
[11:08:24.871][info] [#0:script/workspace/loading.lua:100]: Preload file at: file:///home/muhammed-emin-eser/.local/share/nvim/mason/packages/lua-language-server/libexec/meta/LuaJIT%20en-us%20utf8/debug.lua , size = 7.310 KB
[11:08:24.880][info] [#0:script/workspace/loading.lua:112]: ++++As library of:	file:///home/muhammed-emin-eser/.local/share/nvim/mason/packages/lua-language-server/libexec/meta/LuaJIT%20en-us%20utf8/debug.lua
[11:08:24.880][info] [#0:script/workspace/loading.lua:100]: Preload file at: file:///home/muhammed-emin-eser/.local/share/nvim/mason/packages/lua-language-server/libexec/meta/Lua%205.4%20en-us%20utf8/basic.lua , size = 17.330 KB
[11:08:24.899][info] [#0:script/workspace/loading.lua:112]: ++++As library of:	file:///home/muhammed-emin-eser/.local/share/nvim/mason/packages/lua-language-server/libexec/meta/Lua%205.4%20en-us%20utf8/basic.lua
[11:08:24.899][info] [#0:script/workspace/loading.lua:100]: Preload file at: file:///home/muhammed-emin-eser/.local/share/nvim/mason/packages/lua-language-server/libexec/meta/LuaJIT%20en-us%20utf8/coroutine.lua , size = 2.541 KB
[11:08:24.903][info] [#0:script/workspace/loading.lua:112]: ++++As library of:	file:///home/muhammed-emin-eser/.local/share/nvim/mason/packages/lua-language-server/libexec/meta/LuaJIT%20en-us%20utf8/coroutine.lua
[11:08:24.903][info] [#0:script/workspace/loading.lua:100]: Preload file at: file:///home/muhammed-emin-eser/.local/share/nvim/mason/packages/lua-language-server/libexec/meta/Lua%205.4%20en-us%20utf8/io.lua , size = 6.364 KB
[11:08:24.913][info] [#0:script/workspace/loading.lua:112]: ++++As library of:	file:///home/muhammed-emin-eser/.local/share/nvim/mason/packages/lua-language-server/libexec/meta/Lua%205.4%20en-us%20utf8/io.lua
[11:08:24.913][info] [#0:script/workspace/loading.lua:100]: Preload file at: file:///home/muhammed-emin-eser/.local/share/nvim/mason/packages/lua-language-server/libexec/meta/LuaJIT%20en-us%20utf8/math.lua , size = 8.035 KB
[11:08:24.920][info] [#0:script/workspace/loading.lua:112]: ++++As library of:	file:///home/muhammed-emin-eser/.local/share/nvim/mason/packages/lua-language-server/libexec/meta/LuaJIT%20en-us%20utf8/math.lua
[11:08:24.920][info] [#0:script/workspace/loading.lua:100]: Preload file at: file:///home/muhammed-emin-eser/.local/share/nvim/mason/packages/lua-language-server/libexec/meta/Lua%205.4%20en-us%20utf8/coroutine.lua , size = 2.590 KB
[11:08:24.923][info] [#0:script/workspace/loading.lua:112]: ++++As library of:	file:///home/muhammed-emin-eser/.local/share/nvim/mason/packages/lua-language-server/libexec/meta/Lua%205.4%20en-us%20utf8/coroutine.lua
[11:08:24.923][info] [#0:script/workspace/loading.lua:100]: Preload file at: file:///home/muhammed-emin-eser/.local/share/nvim/mason/packages/lua-language-server/libexec/meta/LuaJIT%20en-us%20utf8/table/clear.lua , size = 0.797 KB
[11:08:24.924][info] [#0:script/workspace/loading.lua:112]: ++++As library of:	file:///home/muhammed-emin-eser/.local/share/nvim/mason/packages/lua-language-server/libexec/meta/LuaJIT%20en-us%20utf8/table/clear.lua
[11:08:24.924][info] [#0:script/workspace/loading.lua:100]: Preload file at: file:///home/muhammed-emin-eser/.local/share/nvim/mason/packages/lua-language-server/libexec/meta/Lua%205.4%20en-us%20utf8/math.lua , size = 8.595 KB
[11:08:24.932][info] [#0:script/workspace/loading.lua:112]: ++++As library of:	file:///home/muhammed-emin-eser/.local/share/nvim/mason/packages/lua-language-server/libexec/meta/Lua%205.4%20en-us%20utf8/math.lua
[11:08:24.932][info] [#0:script/workspace/loading.lua:100]: Preload file at: file:///home/muhammed-emin-eser/.local/share/nvim/mason/packages/lua-language-server/libexec/meta/LuaJIT%20en-us%20utf8/jit.lua , size = 0.884 KB
[11:08:24.935][info] [#0:script/workspace/loading.lua:112]: ++++As library of:	file:///home/muhammed-emin-eser/.local/share/nvim/mason/packages/lua-language-server/libexec/meta/LuaJIT%20en-us%20utf8/jit.lua
[11:08:24.935][info] [#0:script/workspace/loading.lua:100]: Preload file at: file:///home/muhammed-emin-eser/.local/share/nvim/mason/packages/lua-language-server/libexec/meta/Lua%205.4%20en-us%20utf8/table.lua , size = 5.020 KB
[11:08:24.941][info] [#0:script/workspace/loading.lua:112]: ++++As library of:	file:///home/muhammed-emin-eser/.local/share/nvim/mason/packages/lua-language-server/libexec/meta/Lua%205.4%20en-us%20utf8/table.lua
[11:08:24.941][info] [#0:script/workspace/loading.lua:100]: Preload file at: file:///home/muhammed-emin-eser/.local/share/nvim/mason/packages/lua-language-server/libexec/meta/LuaJIT%20en-us%20utf8/string/buffer.lua , size = 18.057 KB
[11:08:24.948][info] [#0:script/workspace/loading.lua:112]: ++++As library of:	file:///home/muhammed-emin-eser/.local/share/nvim/mason/packages/lua-language-server/libexec/meta/LuaJIT%20en-us%20utf8/string/buffer.lua
[11:08:24.948][info] [#0:script/workspace/loading.lua:100]: Preload file at: file:///home/muhammed-emin-eser/.local/share/nvim/mason/packages/lua-language-server/libexec/meta/Lua%205.4%20en-us%20utf8/debug.lua , size = 7.637 KB
[11:08:24.956][info] [#0:script/workspace/loading.lua:112]: ++++As library of:	file:///home/muhammed-emin-eser/.local/share/nvim/mason/packages/lua-language-server/libexec/meta/Lua%205.4%20en-us%20utf8/debug.lua
[11:08:24.956][info] [#0:script/workspace/loading.lua:100]: Preload file at: file:///home/muhammed-emin-eser/.local/share/nvim/mason/packages/lua-language-server/libexec/meta/LuaJIT%20en-us%20utf8/ffi.lua , size = 2.529 KB
[11:08:24.960][info] [#0:script/workspace/loading.lua:112]: ++++As library of:	file:///home/muhammed-emin-eser/.local/share/nvim/mason/packages/lua-language-server/libexec/meta/LuaJIT%20en-us%20utf8/ffi.lua
[11:08:24.960][info] [#0:script/workspace/loading.lua:100]: Preload file at: file:///home/muhammed-emin-eser/.local/share/nvim/mason/packages/lua-language-server/libexec/meta/Lua%205.4%20en-us%20utf8/string.lua , size = 6.389 KB
[11:08:24.966][info] [#0:script/workspace/loading.lua:112]: ++++As library of:	file:///home/muhammed-emin-eser/.local/share/nvim/mason/packages/lua-language-server/libexec/meta/Lua%205.4%20en-us%20utf8/string.lua
[11:08:24.966][info] [#0:script/workspace/loading.lua:100]: Preload file at: file:///home/muhammed-emin-eser/.local/share/nvim/lazy/lazy.nvim/lua/lazy/status.lua , size = 0.353 KB
[11:08:24.967][info] [#0:script/workspace/loading.lua:112]: ++++As library of:	file:///home/muhammed-emin-eser/.local/share/nvim/lazy/lazy.nvim/lua
[11:08:24.967][info] [#0:script/workspace/loading.lua:100]: Preload file at: file:///home/muhammed-emin-eser/.local/share/nvim/mason/packages/lua-language-server/libexec/meta/Lua%205.4%20en-us%20utf8/builtin.lua , size = 0.302 KB
[11:08:24.969][info] [#0:script/workspace/loading.lua:112]: ++++As library of:	file:///home/muhammed-emin-eser/.local/share/nvim/mason/packages/lua-language-server/libexec/meta/Lua%205.4%20en-us%20utf8/builtin.lua
[11:08:24.969][info] [#0:script/workspace/loading.lua:100]: Preload file at: file:///home/muhammed-emin-eser/.local/share/nvim/lazy/lazy.nvim/lua/lazy/health.lua , size = 5.792 KB
[11:08:24.977][info] [#0:script/workspace/loading.lua:112]: ++++As library of:	file:///home/muhammed-emin-eser/.local/share/nvim/lazy/lazy.nvim/lua
[11:08:24.977][info] [#0:script/workspace/loading.lua:100]: Preload file at: file:///home/muhammed-emin-eser/.local/share/nvim/lazy/lazy.nvim/lua/lazy/init.lua , size = 3.749 KB
[11:08:24.983][info] [#0:script/workspace/loading.lua:112]: ++++As library of:	file:///home/muhammed-emin-eser/.local/share/nvim/lazy/lazy.nvim/lua
[11:08:24.984][info] [#0:script/workspace/loading.lua:100]: Preload file at: file:///home/muhammed-emin-eser/.local/share/nvim/lazy/lazy.nvim/lua/lazy/manage/init.lua , size = 5.940 KB
[11:08:24.992][info] [#0:script/workspace/loading.lua:112]: ++++As library of:	file:///home/muhammed-emin-eser/.local/share/nvim/lazy/lazy.nvim/lua
[11:08:24.992][info] [#0:script/workspace/loading.lua:100]: Preload file at: file:///home/muhammed-emin-eser/.local/share/nvim/lazy/lazy.nvim/lua/lazy/manage/process.lua , size = 5.447 KB
[11:08:25.001][info] [#0:script/workspace/loading.lua:112]: ++++As library of:	file:///home/muhammed-emin-eser/.local/share/nvim/lazy/lazy.nvim/lua
[11:08:25.001][info] [#0:script/workspace/loading.lua:100]: Preload file at: file:///home/muhammed-emin-eser/.local/share/nvim/lazy/lazy.nvim/lua/lazy/manage/semver.lua , size = 4.455 KB
[11:08:25.013][info] [#0:script/workspace/loading.lua:112]: ++++As library of:	file:///home/muhammed-emin-eser/.local/share/nvim/lazy/lazy.nvim/lua
[11:08:25.013][info] [#0:script/workspace/loading.lua:100]: Preload file at: file:///home/muhammed-emin-eser/.local/share/nvim/lazy/lazy.nvim/lua/lazy/manage/lock.lua , size = 1.668 KB
[11:08:25.015][info] [#0:script/workspace/loading.lua:112]: ++++As library of:	file:///home/muhammed-emin-eser/.local/share/nvim/lazy/lazy.nvim/lua
[11:08:25.015][info] [#0:script/workspace/loading.lua:100]: Preload file at: file:///home/muhammed-emin-eser/.local/share/nvim/lazy/lazy.nvim/lua/lazy/manage/reloader.lua , size = 2.817 KB
[11:08:25.019][info] [#0:script/workspace/loading.lua:112]: ++++As library of:	file:///home/muhammed-emin-eser/.local/share/nvim/lazy/lazy.nvim/lua
[11:08:25.019][info] [#0:script/workspace/loading.lua:100]: Preload file at: file:///home/muhammed-emin-eser/.local/share/nvim/lazy/lazy.nvim/lua/lazy/manage/task/fs.lua , size = 1.009 KB
[11:08:25.021][info] [#0:script/workspace/loading.lua:112]: ++++As library of:	file:///home/muhammed-emin-eser/.local/share/nvim/lazy/lazy.nvim/lua
[11:08:25.021][info] [#0:script/workspace/loading.lua:100]: Preload file at: file:///home/muhammed-emin-eser/.local/share/nvim/lazy/lazy.nvim/lua/lazy/manage/task/init.lua , size = 5.805 KB
[11:08:25.029][info] [#0:script/workspace/loading.lua:112]: ++++As library of:	file:///home/muhammed-emin-eser/.local/share/nvim/lazy/lazy.nvim/lua
[11:08:25.029][info] [#0:script/workspace/loading.lua:100]: Preload file at: file:///home/muhammed-emin-eser/.local/share/nvim/lazy/lazy.nvim/lua/lazy/manage/task/plugin.lua , size = 2.765 KB
[11:08:25.032][info] [#0:script/workspace/loading.lua:112]: ++++As library of:	file:///home/muhammed-emin-eser/.local/share/nvim/lazy/lazy.nvim/lua
[11:08:25.033][info] [#0:script/workspace/loading.lua:100]: Preload file at: file:///home/muhammed-emin-eser/.local/share/nvim/lazy/lazy.nvim/lua/lazy/manage/task/git.lua , size = 10.135 KB
[11:08:25.042][info] [#0:script/workspace/loading.lua:112]: ++++As library of:	file:///home/muhammed-emin-eser/.local/share/nvim/lazy/lazy.nvim/lua
[11:08:25.042][info] [#0:script/workspace/loading.lua:100]: Preload file at: file:///home/muhammed-emin-eser/.local/share/nvim/lazy/lazy.nvim/lua/lazy/manage/checker.lua , size = 2.479 KB
[11:08:25.045][info] [#0:script/workspace/loading.lua:112]: ++++As library of:	file:///home/muhammed-emin-eser/.local/share/nvim/lazy/lazy.nvim/lua
[11:08:25.045][info] [#0:script/workspace/loading.lua:100]: Preload file at: file:///home/muhammed-emin-eser/.local/share/nvim/lazy/lazy.nvim/lua/lazy/manage/git.lua , size = 6.279 KB
[11:08:25.052][info] [#0:script/workspace/loading.lua:112]: ++++As library of:	file:///home/muhammed-emin-eser/.local/share/nvim/lazy/lazy.nvim/lua
[11:08:25.052][info] [#0:script/workspace/loading.lua:100]: Preload file at: file:///home/muhammed-emin-eser/.local/share/nvim/lazy/lazy.nvim/lua/lazy/manage/runner.lua , size = 4.847 KB
[11:08:25.057][info] [#0:script/workspace/loading.lua:112]: ++++As library of:	file:///home/muhammed-emin-eser/.local/share/nvim/lazy/lazy.nvim/lua
[11:08:25.057][info] [#0:script/workspace/loading.lua:100]: Preload file at: file:///home/muhammed-emin-eser/.local/share/nvim/lazy/lazy.nvim/lua/lazy/core/handler/init.lua , size = 3.170 KB
[11:08:25.062][info] [#0:script/workspace/loading.lua:112]: ++++As library of:	file:///home/muhammed-emin-eser/.local/share/nvim/lazy/lazy.nvim/lua
[11:08:25.062][info] [#0:script/workspace/loading.lua:100]: Preload file at: file:///home/muhammed-emin-eser/.local/share/nvim/lazy/lazy.nvim/lua/lazy/core/handler/ft.lua , size = 0.442 KB
[11:08:25.063][info] [#0:script/workspace/loading.lua:112]: ++++As library of:	file:///home/muhammed-emin-eser/.local/share/nvim/lazy/lazy.nvim/lua
[11:08:25.063][info] [#0:script/workspace/loading.lua:100]: Preload file at: file:///home/muhammed-emin-eser/.local/share/nvim/lazy/lazy.nvim/lua/lazy/core/handler/keys.lua , size = 5.302 KB
[11:08:25.069][info] [#0:script/workspace/loading.lua:112]: ++++As library of:	file:///home/muhammed-emin-eser/.local/share/nvim/lazy/lazy.nvim/lua
[11:08:25.069][info] [#0:script/workspace/loading.lua:100]: Preload file at: file:///home/muhammed-emin-eser/.local/share/nvim/lazy/lazy.nvim/lua/lazy/core/handler/cmd.lua , size = 1.638 KB
[11:08:25.071][info] [#0:script/workspace/loading.lua:112]: ++++As library of:	file:///home/muhammed-emin-eser/.local/share/nvim/lazy/lazy.nvim/lua
[11:08:25.071][info] [#0:script/workspace/loading.lua:100]: Preload file at: file:///home/muhammed-emin-eser/.local/share/nvim/lazy/lazy.nvim/lua/lazy/core/handler/event.lua , size = 4.956 KB
[11:08:25.077][info] [#0:script/workspace/loading.lua:112]: ++++As library of:	file:///home/muhammed-emin-eser/.local/share/nvim/lazy/lazy.nvim/lua
[11:08:25.077][info] [#0:script/workspace/loading.lua:100]: Preload file at: file:///home/muhammed-emin-eser/.local/share/nvim/lazy/lazy.nvim/lua/lazy/core/config.lua , size = 12.009 KB
[11:08:25.084][info] [#0:script/workspace/loading.lua:112]: ++++As library of:	file:///home/muhammed-emin-eser/.local/share/nvim/lazy/lazy.nvim/lua
[11:08:25.084][info] [#0:script/workspace/loading.lua:100]: Preload file at: file:///home/muhammed-emin-eser/.local/share/nvim/lazy/lazy.nvim/lua/lazy/core/cache.lua , size = 16.584 KB
[11:08:25.107][info] [#0:script/workspace/loading.lua:112]: ++++As library of:	file:///home/muhammed-emin-eser/.local/share/nvim/lazy/lazy.nvim/lua
[11:08:25.107][info] [#0:script/workspace/loading.lua:100]: Preload file at: file:///home/muhammed-emin-eser/.local/share/nvim/lazy/lazy.nvim/lua/lazy/core/plugin.lua , size = 12.541 KB
[11:08:25.122][info] [#0:script/workspace/loading.lua:112]: ++++As library of:	file:///home/muhammed-emin-eser/.local/share/nvim/lazy/lazy.nvim/lua
[11:08:25.122][info] [#0:script/workspace/loading.lua:100]: Preload file at: file:///home/muhammed-emin-eser/.local/share/nvim/lazy/lazy.nvim/lua/lazy/core/util.lua , size = 12.348 KB
[11:08:25.137][info] [#0:script/workspace/loading.lua:112]: ++++As library of:	file:///home/muhammed-emin-eser/.local/share/nvim/lazy/lazy.nvim/lua
[11:08:25.137][info] [#0:script/workspace/loading.lua:100]: Preload file at: file:///home/muhammed-emin-eser/.local/share/nvim/lazy/lazy.nvim/lua/lazy/core/meta.lua , size = 9.738 KB
[11:08:25.147][info] [#0:script/workspace/loading.lua:112]: ++++As library of:	file:///home/muhammed-emin-eser/.local/share/nvim/lazy/lazy.nvim/lua
[11:08:25.147][info] [#0:script/workspace/loading.lua:100]: Preload file at: file:///home/muhammed-emin-eser/.local/share/nvim/lazy/lazy.nvim/lua/lazy/core/loader.lua , size = 14.966 KB
[11:08:25.169][info] [#0:script/workspace/loading.lua:112]: ++++As library of:	file:///home/muhammed-emin-eser/.local/share/nvim/lazy/lazy.nvim/lua
[11:08:25.169][info] [#0:script/workspace/loading.lua:100]: Preload file at: file:///home/muhammed-emin-eser/.local/share/nvim/lazy/lazy.nvim/lua/lazy/core/fragments.lua , size = 4.215 KB
[11:08:25.173][info] [#0:script/workspace/loading.lua:112]: ++++As library of:	file:///home/muhammed-emin-eser/.local/share/nvim/lazy/lazy.nvim/lua
[11:08:25.173][info] [#0:script/workspace/loading.lua:100]: Preload file at: file:///home/muhammed-emin-eser/.local/share/nvim/lazy/lazy.nvim/lua/lazy/pkg/packspec.lua , size = 1.137 KB
[11:08:25.175][info] [#0:script/workspace/loading.lua:112]: ++++As library of:	file:///home/muhammed-emin-eser/.local/share/nvim/lazy/lazy.nvim/lua
[11:08:25.175][info] [#0:script/workspace/loading.lua:100]: Preload file at: file:///home/muhammed-emin-eser/.local/share/nvim/lazy/lazy.nvim/lua/lazy/pkg/init.lua , size = 3.186 KB
[11:08:25.177][info] [#0:script/workspace/loading.lua:112]: ++++As library of:	file:///home/muhammed-emin-eser/.local/share/nvim/lazy/lazy.nvim/lua
[11:08:25.177][info] [#0:script/workspace/loading.lua:100]: Preload file at: file:///home/muhammed-emin-eser/.local/share/nvim/lazy/lazy.nvim/lua/lazy/pkg/lazy.lua , size = 0.720 KB
[11:08:25.178][info] [#0:script/workspace/loading.lua:112]: ++++As library of:	file:///home/muhammed-emin-eser/.local/share/nvim/lazy/lazy.nvim/lua
[11:08:25.178][info] [#0:script/workspace/loading.lua:100]: Preload file at: file:///home/muhammed-emin-eser/.local/share/nvim/lazy/lazy.nvim/lua/lazy/pkg/rockspec.lua , size = 8.061 KB
[11:08:25.184][info] [#0:script/workspace/loading.lua:112]: ++++As library of:	file:///home/muhammed-emin-eser/.local/share/nvim/lazy/lazy.nvim/lua
[11:08:25.184][info] [#0:script/workspace/loading.lua:100]: Preload file at: file:///home/muhammed-emin-eser/.local/share/nvim/lazy/lazy.nvim/lua/lazy/types.lua , size = 3.755 KB
[11:08:25.187][info] [#0:script/workspace/loading.lua:112]: ++++As library of:	file:///home/muhammed-emin-eser/.local/share/nvim/lazy/lazy.nvim/lua
[11:08:25.187][info] [#0:script/workspace/loading.lua:100]: Preload file at: file:///home/muhammed-emin-eser/.local/share/nvim/lazy/lazy.nvim/lua/lazy/community/init.lua , size = 0.511 KB
[11:08:25.188][info] [#0:script/workspace/loading.lua:112]: ++++As library of:	file:///home/muhammed-emin-eser/.local/share/nvim/lazy/lazy.nvim/lua
[11:08:25.188][info] [#0:script/workspace/loading.lua:100]: Preload file at: file:///home/muhammed-emin-eser/.local/share/nvim/lazy/lazy.nvim/lua/lazy/community/_generated.lua , size = 65.702 KB
[11:08:25.210][info] [#0:script/workspace/loading.lua:112]: ++++As library of:	file:///home/muhammed-emin-eser/.local/share/nvim/lazy/lazy.nvim/lua
[11:08:25.210][info] [#0:script/workspace/loading.lua:100]: Preload file at: file:///home/muhammed-emin-eser/.local/share/nvim/lazy/lazy.nvim/lua/lazy/community/specs.lua , size = 0.115 KB
[11:08:25.211][info] [#0:script/workspace/loading.lua:112]: ++++As library of:	file:///home/muhammed-emin-eser/.local/share/nvim/lazy/lazy.nvim/lua
[11:08:25.211][info] [#0:script/workspace/loading.lua:100]: Preload file at: file:///home/muhammed-emin-eser/.local/share/nvim/lazy/lazy.nvim/lua/lazy/help.lua , size = 2.216 KB
[11:08:25.213][info] [#0:script/workspace/loading.lua:112]: ++++As library of:	file:///home/muhammed-emin-eser/.local/share/nvim/lazy/lazy.nvim/lua
[11:08:25.213][info] [#0:script/workspace/loading.lua:100]: Preload file at: file:///home/muhammed-emin-eser/.local/share/nvim/lazy/lazy.nvim/lua/lazy/terminal.lua , size = 2.394 KB
[11:08:25.215][info] [#0:script/workspace/loading.lua:112]: ++++As library of:	file:///home/muhammed-emin-eser/.local/share/nvim/lazy/lazy.nvim/lua
[11:08:25.216][info] [#0:script/workspace/loading.lua:100]: Preload file at: file:///home/muhammed-emin-eser/.local/share/nvim/lazy/lazy.nvim/lua/lazy/async.lua , size = 4.302 KB
[11:08:25.220][info] [#0:script/workspace/loading.lua:112]: ++++As library of:	file:///home/muhammed-emin-eser/.local/share/nvim/lazy/lazy.nvim/lua
[11:08:25.220][info] [#0:script/workspace/loading.lua:100]: Preload file at: file:///home/muhammed-emin-eser/.local/share/nvim/lazy/lazy.nvim/lua/lazy/build.lua , size = 4.072 KB
[11:08:25.224][info] [#0:script/workspace/loading.lua:112]: ++++As library of:	file:///home/muhammed-emin-eser/.local/share/nvim/lazy/lazy.nvim/lua
[11:08:25.224][info] [#0:script/workspace/loading.lua:100]: Preload file at: file:///home/muhammed-emin-eser/.local/share/nvim/lazy/lazy.nvim/lua/lazy/util.lua , size = 6.888 KB
[11:08:25.230][info] [#0:script/workspace/loading.lua:112]: ++++As library of:	file:///home/muhammed-emin-eser/.local/share/nvim/lazy/lazy.nvim/lua
[11:08:25.230][info] [#0:script/workspace/loading.lua:100]: Preload file at: file:///home/muhammed-emin-eser/.local/share/nvim/lazy/lazy.nvim/lua/lazy/docs.lua , size = 4.920 KB
[11:08:25.235][info] [#0:script/workspace/loading.lua:112]: ++++As library of:	file:///home/muhammed-emin-eser/.local/share/nvim/lazy/lazy.nvim/lua
[11:08:25.235][info] [#0:script/workspace/loading.lua:100]: Preload file at: file:///home/muhammed-emin-eser/.local/share/nvim/lazy/lazy.nvim/lua/lazy/state.lua , size = 0.859 KB
[11:08:25.236][info] [#0:script/workspace/loading.lua:112]: ++++As library of:	file:///home/muhammed-emin-eser/.local/share/nvim/lazy/lazy.nvim/lua
[11:08:25.236][info] [#0:script/workspace/loading.lua:100]: Preload file at: file:///home/muhammed-emin-eser/.local/share/nvim/lazy/lazy.nvim/lua/lazy/example.lua , size = 2.644 KB
[11:08:25.237][info] [#0:script/workspace/loading.lua:112]: ++++As library of:	file:///home/muhammed-emin-eser/.local/share/nvim/lazy/lazy.nvim/lua
[11:08:25.237][info] [#0:script/workspace/loading.lua:100]: Preload file at: file:///home/muhammed-emin-eser/.local/share/nvim/lazy/lazy.nvim/lua/lazy/view/init.lua , size = 9.394 KB
[11:08:25.245][info] [#0:script/workspace/loading.lua:112]: ++++As library of:	file:///home/muhammed-emin-eser/.local/share/nvim/lazy/lazy.nvim/lua
[11:08:25.245][info] [#0:script/workspace/loading.lua:100]: Preload file at: file:///home/muhammed-emin-eser/.local/share/nvim/lazy/lazy.nvim/lua/lazy/view/text.lua , size = 3.813 KB
[11:08:25.249][info] [#0:script/workspace/loading.lua:112]: ++++As library of:	file:///home/muhammed-emin-eser/.local/share/nvim/lazy/lazy.nvim/lua
[11:08:25.249][info] [#0:script/workspace/loading.lua:100]: Preload file at: file:///home/muhammed-emin-eser/.local/share/nvim/lazy/lazy.nvim/lua/lazy/view/config.lua , size = 3.507 KB
[11:08:25.251][info] [#0:script/workspace/loading.lua:112]: ++++As library of:	file:///home/muhammed-emin-eser/.local/share/nvim/lazy/lazy.nvim/lua
[11:08:25.251][info] [#0:script/workspace/loading.lua:100]: Preload file at: file:///home/muhammed-emin-eser/.local/share/nvim/lazy/lazy.nvim/lua/lazy/view/diff.lua , size = 1.585 KB
[11:08:25.253][info] [#0:script/workspace/loading.lua:112]: ++++As library of:	file:///home/muhammed-emin-eser/.local/share/nvim/lazy/lazy.nvim/lua
[11:08:25.253][info] [#0:script/workspace/loading.lua:100]: Preload file at: file:///home/muhammed-emin-eser/.local/share/nvim/lazy/lazy.nvim/lua/lazy/view/sections.lua , size = 2.430 KB
[11:08:25.255][info] [#0:script/workspace/loading.lua:112]: ++++As library of:	file:///home/muhammed-emin-eser/.local/share/nvim/lazy/lazy.nvim/lua
[11:08:25.255][info] [#0:script/workspace/loading.lua:100]: Preload file at: file:///home/muhammed-emin-eser/.local/share/nvim/lazy/lazy.nvim/lua/lazy/view/colors.lua , size = 1.820 KB
[11:08:25.256][info] [#0:script/workspace/loading.lua:112]: ++++As library of:	file:///home/muhammed-emin-eser/.local/share/nvim/lazy/lazy.nvim/lua
[11:08:25.256][info] [#0:script/workspace/loading.lua:100]: Preload file at: file:///home/muhammed-emin-eser/.local/share/nvim/lazy/lazy.nvim/lua/lazy/view/commands.lua , size = 3.899 KB
[11:08:25.260][info] [#0:script/workspace/loading.lua:112]: ++++As library of:	file:///home/muhammed-emin-eser/.local/share/nvim/lazy/lazy.nvim/lua
[11:08:25.260][info] [#0:script/workspace/loading.lua:100]: Preload file at: file:///home/muhammed-emin-eser/.local/share/nvim/lazy/lazy.nvim/lua/lazy/view/float.lua , size = 9.536 KB
[11:08:25.269][info] [#0:script/workspace/loading.lua:112]: ++++As library of:	file:///home/muhammed-emin-eser/.local/share/nvim/lazy/lazy.nvim/lua
[11:08:25.269][info] [#0:script/workspace/loading.lua:100]: Preload file at: file:///home/muhammed-emin-eser/.local/share/nvim/lazy/lazy.nvim/lua/lazy/view/render.lua , size = 23.064 KB
[11:08:25.286][info] [#0:script/workspace/loading.lua:112]: ++++As library of:	file:///home/muhammed-emin-eser/.local/share/nvim/lazy/lazy.nvim/lua
[11:08:25.286][info] [#0:script/workspace/loading.lua:100]: Preload file at: file:///home/muhammed-emin-eser/.local/share/nvim/lazy/lazy.nvim/lua/lazy/stats.lua , size = 2.215 KB
[11:08:25.288][info] [#0:script/workspace/loading.lua:112]: ++++As library of:	file:///home/muhammed-emin-eser/.local/share/nvim/lazy/lazy.nvim/lua
[11:08:25.288][info] [#0:script/workspace/loading.lua:100]: Preload file at: file:///home/muhammed-emin-eser/.local/share/nvim/lazy/lazy.nvim/lua/lazy/minit.lua , size = 5.172 KB
[11:08:25.292][info] [#0:script/workspace/loading.lua:112]: ++++As library of:	file:///home/muhammed-emin-eser/.local/share/nvim/lazy/lazy.nvim/lua
[11:08:25.292][info] [#0:script/workspace/loading.lua:100]: Preload file at: file:///home/muhammed-emin-eser/.local/share/nvim/mason/packages/lua-language-server/libexec/meta/LuaJIT%20en-us%20utf8/builtin.lua , size = 0.302 KB
[11:08:25.293][info] [#0:script/workspace/loading.lua:112]: ++++As library of:	file:///home/muhammed-emin-eser/.local/share/nvim/mason/packages/lua-language-server/libexec/meta/LuaJIT%20en-us%20utf8/builtin.lua
[11:08:25.293][info] [#0:script/workspace/loading.lua:100]: Preload file at: file:///home/muhammed-emin-eser/.local/share/nvim/mason/packages/lua-language-server/libexec/meta/LuaJIT%20en-us%20utf8/os.lua , size = 5.662 KB
[11:08:25.296][info] [#0:script/workspace/loading.lua:112]: ++++As library of:	file:///home/muhammed-emin-eser/.local/share/nvim/mason/packages/lua-language-server/libexec/meta/LuaJIT%20en-us%20utf8/os.lua
[11:08:25.296][info] [#0:script/workspace/loading.lua:100]: Preload file at: file:///home/muhammed-emin-eser/.local/share/nvim/mason/packages/lua-language-server/libexec/meta/LuaJIT%20en-us%20utf8/table/new.lua , size = 0.642 KB
[11:08:25.297][info] [#0:script/workspace/loading.lua:112]: ++++As library of:	file:///home/muhammed-emin-eser/.local/share/nvim/mason/packages/lua-language-server/libexec/meta/LuaJIT%20en-us%20utf8/table/new.lua
[11:08:25.297][info] [#0:script/workspace/loading.lua:100]: Preload file at: file:///home/muhammed-emin-eser/.local/share/nvim/mason/packages/lua-language-server/libexec/meta/LuaJIT%20en-us%20utf8/bit.lua , size = 1.243 KB
[11:08:25.298][info] [#0:script/workspace/loading.lua:112]: ++++As library of:	file:///home/muhammed-emin-eser/.local/share/nvim/mason/packages/lua-language-server/libexec/meta/LuaJIT%20en-us%20utf8/bit.lua
[11:08:25.298][info] [#0:script/workspace/loading.lua:100]: Preload file at: file:///home/muhammed-emin-eser/.local/share/nvim/mason/packages/lua-language-server/libexec/meta/LuaJIT%20en-us%20utf8/jit/util.lua , size = 1.984 KB
[11:08:25.300][info] [#0:script/workspace/loading.lua:112]: ++++As library of:	file:///home/muhammed-emin-eser/.local/share/nvim/mason/packages/lua-language-server/libexec/meta/LuaJIT%20en-us%20utf8/jit/util.lua
[11:08:25.300][info] [#0:script/workspace/loading.lua:100]: Preload file at: file:///tmp/.mount_nvimmmmcEM/usr/share/nvim/runtime/lua/_vim9script.lua , size = 15.423 KB
[11:08:25.309][info] [#0:script/workspace/loading.lua:112]: ++++As library of:	file:///tmp/.mount_nvimmmmcEM/usr/share/nvim/runtime/lua
[11:08:25.309][info] [#0:script/workspace/loading.lua:100]: Preload file at: file:///tmp/.mount_nvimmmmcEM/usr/share/nvim/runtime/lua/coxpcall.lua , size = 3.672 KB
[11:08:25.311][info] [#0:script/workspace/loading.lua:112]: ++++As library of:	file:///tmp/.mount_nvimmmmcEM/usr/share/nvim/runtime/lua
[11:08:25.311][info] [#0:script/workspace/loading.lua:100]: Preload file at: file:///tmp/.mount_nvimmmmcEM/usr/share/nvim/runtime/lua/editorconfig.lua , size = 11.254 KB
[11:08:25.319][info] [#0:script/workspace/loading.lua:112]: ++++As library of:	file:///tmp/.mount_nvimmmmcEM/usr/share/nvim/runtime/lua
[11:08:25.319][info] [#0:script/workspace/loading.lua:172]: Loaded files takes [0.511] sec: <fallback>
[11:08:25.319][info] [#0:script/workspace/loading.lua:181]: Compile files takes [0.000] sec: <fallback>
[11:08:25.319][info] [#0:script/workspace/loading.lua:182]: Loaded finish:	<fallback>
[11:08:25.319][info] [#0:script/workspace/workspace.lua:387]: Preload finish at:	<fallback>
[11:08:25.331][info] [#0:script/workspace/loading.lua:100]: Preload file at: file:///tmp/.mount_nvimmmmcEM/usr/share/nvim/runtime/lua/jit/bc.lua , size = 5.417 KB
[11:08:25.336][info] [#0:script/workspace/loading.lua:112]: ++++As library of:	file:///tmp/.mount_nvimmmmcEM/usr/share/nvim/runtime/lua
[11:08:25.336][info] [#0:script/workspace/loading.lua:100]: Preload file at: file:///tmp/.mount_nvimmmmcEM/usr/share/nvim/runtime/lua/jit/bcsave.lua , size = 17.090 KB
[11:08:25.348][info] [#0:script/workspace/loading.lua:112]: ++++As library of:	file:///tmp/.mount_nvimmmmcEM/usr/share/nvim/runtime/lua
[11:08:25.349][info] [#0:script/workspace/loading.lua:100]: Preload file at: file:///tmp/.mount_nvimmmmcEM/usr/share/nvim/runtime/lua/jit/dis_arm.lua , size = 18.891 KB
[11:08:25.362][info] [#0:script/workspace/loading.lua:112]: ++++As library of:	file:///tmp/.mount_nvimmmmcEM/usr/share/nvim/runtime/lua
[11:08:25.362][info] [#0:script/workspace/loading.lua:100]: Preload file at: file:///tmp/.mount_nvimmmmcEM/usr/share/nvim/runtime/lua/jit/dis_arm64.lua , size = 29.971 KB
[11:08:25.383][info] [#0:script/workspace/loading.lua:112]: ++++As library of:	file:///tmp/.mount_nvimmmmcEM/usr/share/nvim/runtime/lua
[11:08:25.383][info] [#0:script/workspace/loading.lua:100]: Preload file at: file:///tmp/.mount_nvimmmmcEM/usr/share/nvim/runtime/lua/jit/dis_arm64be.lua , size = 0.604 KB
[11:08:25.383][info] [#0:script/workspace/loading.lua:112]: ++++As library of:	file:///tmp/.mount_nvimmmmcEM/usr/share/nvim/runtime/lua
[11:08:25.383][info] [#0:script/workspace/loading.lua:100]: Preload file at: file:///tmp/.mount_nvimmmmcEM/usr/share/nvim/runtime/lua/jit/dis_mips.lua , size = 21.494 KB
[11:08:25.398][info] [#0:script/workspace/loading.lua:112]: ++++As library of:	file:///tmp/.mount_nvimmmmcEM/usr/share/nvim/runtime/lua
[11:08:25.398][info] [#0:script/workspace/loading.lua:100]: Preload file at: file:///tmp/.mount_nvimmmmcEM/usr/share/nvim/runtime/lua/jit/dis_mips64.lua , size = 0.689 KB
[11:08:25.399][info] [#0:script/workspace/loading.lua:112]: ++++As library of:	file:///tmp/.mount_nvimmmmcEM/usr/share/nvim/runtime/lua
[11:08:25.399][info] [#0:script/workspace/loading.lua:100]: Preload file at: file:///tmp/.mount_nvimmmmcEM/usr/share/nvim/runtime/lua/jit/dis_mips64el.lua , size = 0.700 KB
[11:08:25.400][info] [#0:script/workspace/loading.lua:112]: ++++As library of:	file:///tmp/.mount_nvimmmmcEM/usr/share/nvim/runtime/lua
[11:08:25.400][info] [#0:script/workspace/loading.lua:100]: Preload file at: file:///tmp/.mount_nvimmmmcEM/usr/share/nvim/runtime/lua/jit/dis_mips64r6.lua , size = 0.700 KB
[11:08:25.401][info] [#0:script/workspace/loading.lua:112]: ++++As library of:	file:///tmp/.mount_nvimmmmcEM/usr/share/nvim/runtime/lua
[11:08:25.401][info] [#0:script/workspace/loading.lua:100]: Preload file at: file:///tmp/.mount_nvimmmmcEM/usr/share/nvim/runtime/lua/jit/dis_mips64r6el.lua , size = 0.711 KB
[11:08:25.401][info] [#0:script/workspace/loading.lua:112]: ++++As library of:	file:///tmp/.mount_nvimmmmcEM/usr/share/nvim/runtime/lua
[11:08:25.401][info] [#0:script/workspace/loading.lua:100]: Preload file at: file:///tmp/.mount_nvimmmmcEM/usr/share/nvim/runtime/lua/jit/dis_mipsel.lua , size = 0.698 KB
[11:08:25.402][info] [#0:script/workspace/loading.lua:112]: ++++As library of:	file:///tmp/.mount_nvimmmmcEM/usr/share/nvim/runtime/lua
[11:08:25.402][info] [#0:script/workspace/loading.lua:100]: Preload file at: file:///tmp/.mount_nvimmmmcEM/usr/share/nvim/runtime/lua/jit/dis_ppc.lua , size = 19.825 KB
[11:08:25.433][info] [#0:script/workspace/loading.lua:112]: ++++As library of:	file:///tmp/.mount_nvimmmmcEM/usr/share/nvim/runtime/lua
[11:08:25.433][info] [#0:script/workspace/loading.lua:100]: Preload file at: file:///tmp/.mount_nvimmmmcEM/usr/share/nvim/runtime/lua/jit/dis_x64.lua , size = 0.695 KB
[11:08:25.434][info] [#0:script/workspace/loading.lua:112]: ++++As library of:	file:///tmp/.mount_nvimmmmcEM/usr/share/nvim/runtime/lua
[11:08:25.434][info] [#0:script/workspace/loading.lua:100]: Preload file at: file:///tmp/.mount_nvimmmmcEM/usr/share/nvim/runtime/lua/jit/dis_x86.lua , size = 33.033 KB
[11:08:25.451][info] [#0:script/workspace/loading.lua:112]: ++++As library of:	file:///tmp/.mount_nvimmmmcEM/usr/share/nvim/runtime/lua
[11:08:25.451][info] [#0:script/workspace/loading.lua:100]: Preload file at: file:///tmp/.mount_nvimmmmcEM/usr/share/nvim/runtime/lua/jit/dump.lua , size = 20.269 KB
[11:08:25.461][info] [#0:script/workspace/loading.lua:112]: ++++As library of:	file:///tmp/.mount_nvimmmmcEM/usr/share/nvim/runtime/lua
[11:08:25.461][info] [#0:script/workspace/loading.lua:100]: Preload file at: file:///tmp/.mount_nvimmmmcEM/usr/share/nvim/runtime/lua/jit/p.lua , size = 8.874 KB
[11:08:25.465][info] [#0:script/workspace/loading.lua:112]: ++++As library of:	file:///tmp/.mount_nvimmmmcEM/usr/share/nvim/runtime/lua
[11:08:25.465][info] [#0:script/workspace/loading.lua:100]: Preload file at: file:///tmp/.mount_nvimmmmcEM/usr/share/nvim/runtime/lua/jit/v.lua , size = 5.731 KB
[11:08:25.470][info] [#0:script/workspace/loading.lua:112]: ++++As library of:	file:///tmp/.mount_nvimmmmcEM/usr/share/nvim/runtime/lua
[11:08:25.470][info] [#0:script/workspace/loading.lua:100]: Preload file at: file:///tmp/.mount_nvimmmmcEM/usr/share/nvim/runtime/lua/jit/vmdef.lua , size = 7.920 KB
[11:08:25.472][info] [#0:script/workspace/loading.lua:112]: ++++As library of:	file:///tmp/.mount_nvimmmmcEM/usr/share/nvim/runtime/lua
[11:08:25.472][info] [#0:script/workspace/loading.lua:100]: Preload file at: file:///tmp/.mount_nvimmmmcEM/usr/share/nvim/runtime/lua/jit/zone.lua , size = 0.979 KB
[11:08:25.473][info] [#0:script/workspace/loading.lua:112]: ++++As library of:	file:///tmp/.mount_nvimmmmcEM/usr/share/nvim/runtime/lua
[11:08:25.473][info] [#0:script/workspace/loading.lua:100]: Preload file at: file:///tmp/.mount_nvimmmmcEM/usr/share/nvim/runtime/lua/man.lua , size = 23.335 KB
[11:08:25.486][info] [#0:script/workspace/loading.lua:112]: ++++As library of:	file:///tmp/.mount_nvimmmmcEM/usr/share/nvim/runtime/lua
[11:08:25.486][info] [#0:script/workspace/loading.lua:100]: Preload file at: file:///tmp/.mount_nvimmmmcEM/usr/share/nvim/runtime/lua/tohtml.lua , size = 43.272 KB
[11:08:25.508][info] [#0:script/workspace/loading.lua:112]: ++++As library of:	file:///tmp/.mount_nvimmmmcEM/usr/share/nvim/runtime/lua
[11:08:25.509][info] [#0:script/workspace/loading.lua:100]: Preload file at: file:///tmp/.mount_nvimmmmcEM/usr/share/nvim/runtime/lua/vim/F.lua , size = 1.076 KB
[11:08:25.509][info] [#0:script/workspace/loading.lua:112]: ++++As library of:	file:///tmp/.mount_nvimmmmcEM/usr/share/nvim/runtime/lua
[11:08:25.510][info] [#0:script/workspace/loading.lua:100]: Preload file at: file:///tmp/.mount_nvimmmmcEM/usr/share/nvim/runtime/lua/vim/_buf.lua , size = 0.764 KB
[11:08:25.510][info] [#0:script/workspace/loading.lua:112]: ++++As library of:	file:///tmp/.mount_nvimmmmcEM/usr/share/nvim/runtime/lua
[11:08:25.510][info] [#0:script/workspace/loading.lua:100]: Preload file at: file:///tmp/.mount_nvimmmmcEM/usr/share/nvim/runtime/lua/vim/_comment.lua , size = 8.967 KB
[11:08:25.514][info] [#0:script/workspace/loading.lua:112]: ++++As library of:	file:///tmp/.mount_nvimmmmcEM/usr/share/nvim/runtime/lua
[11:08:25.514][info] [#0:script/workspace/loading.lua:100]: Preload file at: file:///tmp/.mount_nvimmmmcEM/usr/share/nvim/runtime/lua/vim/_defaults.lua , size = 32.274 KB
[11:08:25.528][info] [#0:script/workspace/loading.lua:112]: ++++As library of:	file:///tmp/.mount_nvimmmmcEM/usr/share/nvim/runtime/lua
[11:08:25.528][info] [#0:script/workspace/loading.lua:100]: Preload file at: file:///tmp/.mount_nvimmmmcEM/usr/share/nvim/runtime/lua/vim/_editor.lua , size = 44.635 KB
[11:08:25.547][info] [#0:script/workspace/loading.lua:112]: ++++As library of:	file:///tmp/.mount_nvimmmmcEM/usr/share/nvim/runtime/lua
[11:08:25.547][info] [#0:script/workspace/loading.lua:100]: Preload file at: file:///tmp/.mount_nvimmmmcEM/usr/share/nvim/runtime/lua/vim/_ftplugin/lua.lua , size = 0.540 KB
[11:08:25.548][info] [#0:script/workspace/loading.lua:112]: ++++As library of:	file:///tmp/.mount_nvimmmmcEM/usr/share/nvim/runtime/lua
[11:08:25.548][info] [#0:script/workspace/loading.lua:100]: Preload file at: file:///tmp/.mount_nvimmmmcEM/usr/share/nvim/runtime/lua/vim/_init_packages.lua , size = 3.023 KB
[11:08:25.549][info] [#0:script/workspace/loading.lua:112]: ++++As library of:	file:///tmp/.mount_nvimmmmcEM/usr/share/nvim/runtime/lua
[11:08:25.549][info] [#0:script/workspace/loading.lua:100]: Preload file at: file:///tmp/.mount_nvimmmmcEM/usr/share/nvim/runtime/lua/vim/_inspector.lua , size = 7.775 KB
[11:08:25.555][info] [#0:script/workspace/loading.lua:112]: ++++As library of:	file:///tmp/.mount_nvimmmmcEM/usr/share/nvim/runtime/lua
[11:08:25.556][info] [#0:script/workspace/loading.lua:100]: Preload file at: file:///tmp/.mount_nvimmmmcEM/usr/share/nvim/runtime/lua/vim/_meta/api_keysets.lua , size = 9.958 KB
[11:08:25.562][info] [#0:script/workspace/loading.lua:112]: ++++As library of:	file:///tmp/.mount_nvimmmmcEM/usr/share/nvim/runtime/lua
[11:08:25.562][info] [#0:script/workspace/loading.lua:100]: Preload file at: file:///tmp/.mount_nvimmmmcEM/usr/share/nvim/runtime/lua/vim/_meta/api.lua , size = 106.186 KB
[11:08:25.598][info] [#0:script/workspace/loading.lua:112]: ++++As library of:	file:///tmp/.mount_nvimmmmcEM/usr/share/nvim/runtime/lua
[11:08:25.599][info] [#0:script/workspace/loading.lua:100]: Preload file at: file:///tmp/.mount_nvimmmmcEM/usr/share/nvim/runtime/lua/vim/_meta/api_keysets_extra.lua , size = 6.957 KB
[11:08:25.613][info] [#0:script/workspace/loading.lua:112]: ++++As library of:	file:///tmp/.mount_nvimmmmcEM/usr/share/nvim/runtime/lua
[11:08:25.613][info] [#0:script/workspace/loading.lua:100]: Preload file at: file:///tmp/.mount_nvimmmmcEM/usr/share/nvim/runtime/lua/vim/_meta/base64.lua , size = 0.307 KB
[11:08:25.614][info] [#0:script/workspace/loading.lua:112]: ++++As library of:	file:///tmp/.mount_nvimmmmcEM/usr/share/nvim/runtime/lua
[11:08:25.614][info] [#0:script/workspace/loading.lua:100]: Preload file at: file:///tmp/.mount_nvimmmmcEM/usr/share/nvim/runtime/lua/vim/_meta/builtin.lua , size = 10.381 KB
[11:08:25.618][info] [#0:script/workspace/loading.lua:112]: ++++As library of:	file:///tmp/.mount_nvimmmmcEM/usr/share/nvim/runtime/lua
[11:08:25.618][info] [#0:script/workspace/loading.lua:100]: Preload file at: file:///tmp/.mount_nvimmmmcEM/usr/share/nvim/runtime/lua/vim/_meta/builtin_types.lua , size = 8.304 KB
[11:08:25.623][info] [#0:script/workspace/loading.lua:112]: ++++As library of:	file:///tmp/.mount_nvimmmmcEM/usr/share/nvim/runtime/lua
[11:08:25.623][info] [#0:script/workspace/loading.lua:100]: Preload file at: file:///tmp/.mount_nvimmmmcEM/usr/share/nvim/runtime/lua/vim/_meta/diff.lua , size = 2.493 KB
[11:08:25.625][info] [#0:script/workspace/loading.lua:112]: ++++As library of:	file:///tmp/.mount_nvimmmmcEM/usr/share/nvim/runtime/lua
[11:08:25.625][info] [#0:script/workspace/loading.lua:100]: Preload file at: file:///tmp/.mount_nvimmmmcEM/usr/share/nvim/runtime/lua/vim/_meta/json.lua , size = 1.537 KB
[11:08:25.626][info] [#0:script/workspace/loading.lua:112]: ++++As library of:	file:///tmp/.mount_nvimmmmcEM/usr/share/nvim/runtime/lua
[11:08:25.626][info] [#0:script/workspace/loading.lua:100]: Preload file at: file:///tmp/.mount_nvimmmmcEM/usr/share/nvim/runtime/lua/vim/_meta/lpeg.lua , size = 15.348 KB
[11:08:25.631][info] [#0:script/workspace/loading.lua:112]: ++++As library of:	file:///tmp/.mount_nvimmmmcEM/usr/share/nvim/runtime/lua
[11:08:25.631][info] [#0:script/workspace/loading.lua:100]: Preload file at: file:///tmp/.mount_nvimmmmcEM/usr/share/nvim/runtime/lua/vim/_meta/misc.lua , size = 0.291 KB
[11:08:25.632][info] [#0:script/workspace/loading.lua:112]: ++++As library of:	file:///tmp/.mount_nvimmmmcEM/usr/share/nvim/runtime/lua
[11:08:25.632][info] [#0:script/workspace/loading.lua:100]: Preload file at: file:///tmp/.mount_nvimmmmcEM/usr/share/nvim/runtime/lua/vim/_meta/mpack.lua , size = 0.478 KB
[11:08:25.632][info] [#0:script/workspace/loading.lua:112]: ++++As library of:	file:///tmp/.mount_nvimmmmcEM/usr/share/nvim/runtime/lua
[11:08:25.632][info] [#0:script/workspace/loading.lua:100]: Preload file at: file:///tmp/.mount_nvimmmmcEM/usr/share/nvim/runtime/lua/vim/_meta/re.lua , size = 2.217 KB
[11:08:25.634][info] [#0:script/workspace/loading.lua:112]: ++++As library of:	file:///tmp/.mount_nvimmmmcEM/usr/share/nvim/runtime/lua
[11:08:25.634][info] [#0:script/workspace/loading.lua:100]: Preload file at: file:///tmp/.mount_nvimmmmcEM/usr/share/nvim/runtime/lua/vim/_meta/options.lua , size = 324.442 KB
[11:08:25.728][info] [#0:script/workspace/loading.lua:112]: ++++As library of:	file:///tmp/.mount_nvimmmmcEM/usr/share/nvim/runtime/lua
[11:08:25.728][info] [#0:script/workspace/loading.lua:100]: Preload file at: file:///tmp/.mount_nvimmmmcEM/usr/share/nvim/runtime/lua/vim/_meta/regex.lua , size = 1.580 KB
[11:08:25.730][info] [#0:script/workspace/loading.lua:112]: ++++As library of:	file:///tmp/.mount_nvimmmmcEM/usr/share/nvim/runtime/lua
[11:08:25.730][info] [#0:script/workspace/loading.lua:100]: Preload file at: file:///tmp/.mount_nvimmmmcEM/usr/share/nvim/runtime/lua/vim/_meta/spell.lua , size = 0.929 KB
[11:08:25.731][info] [#0:script/workspace/loading.lua:112]: ++++As library of:	file:///tmp/.mount_nvimmmmcEM/usr/share/nvim/runtime/lua
[11:08:25.732][info] [#0:script/workspace/loading.lua:88]: Skip loaded file: file:///home/muhammed-emin-eser/dotfiles/nvim/init.lua
[11:08:25.737][info] [#0:script/workspace/loading.lua:100]: Preload file at: file:///tmp/.mount_nvimmmmcEM/usr/share/nvim/runtime/lua/vim/_meta/vvars.lua , size = 26.214 KB
[11:08:25.746][info] [#0:script/workspace/loading.lua:112]: ++++As library of:	file:///tmp/.mount_nvimmmmcEM/usr/share/nvim/runtime/lua
[11:08:25.747][info] [#0:script/workspace/loading.lua:100]: Preload file at: file:///tmp/.mount_nvimmmmcEM/usr/share/nvim/runtime/lua/vim/_meta/vimfn.lua , size = 408.424 KB
[11:08:25.866][info] [#0:script/workspace/loading.lua:112]: ++++As library of:	file:///tmp/.mount_nvimmmmcEM/usr/share/nvim/runtime/lua
[11:08:25.866][info] [#0:script/workspace/loading.lua:100]: Preload file at: file:///tmp/.mount_nvimmmmcEM/usr/share/nvim/runtime/lua/vim/_meta/vvars_extra.lua , size = 4.056 KB
[11:08:25.868][info] [#0:script/workspace/loading.lua:112]: ++++As library of:	file:///tmp/.mount_nvimmmmcEM/usr/share/nvim/runtime/lua
[11:08:25.868][info] [#0:script/workspace/loading.lua:100]: Preload file at: file:///tmp/.mount_nvimmmmcEM/usr/share/nvim/runtime/lua/vim/_meta.lua , size = 1.002 KB
[11:08:25.868][info] [#0:script/workspace/loading.lua:112]: ++++As library of:	file:///tmp/.mount_nvimmmmcEM/usr/share/nvim/runtime/lua
[11:08:25.868][info] [#0:script/workspace/loading.lua:100]: Preload file at: file:///tmp/.mount_nvimmmmcEM/usr/share/nvim/runtime/lua/vim/_options.lua , size = 25.508 KB
[11:08:25.876][info] [#0:script/workspace/loading.lua:112]: ++++As library of:	file:///tmp/.mount_nvimmmmcEM/usr/share/nvim/runtime/lua
[11:08:25.876][info] [#0:script/workspace/loading.lua:100]: Preload file at: file:///tmp/.mount_nvimmmmcEM/usr/share/nvim/runtime/lua/vim/_system.lua , size = 9.805 KB
[11:08:25.881][info] [#0:script/workspace/loading.lua:112]: ++++As library of:	file:///tmp/.mount_nvimmmmcEM/usr/share/nvim/runtime/lua
[11:08:25.881][info] [#0:script/workspace/loading.lua:100]: Preload file at: file:///tmp/.mount_nvimmmmcEM/usr/share/nvim/runtime/lua/vim/_watch.lua , size = 9.718 KB
[11:08:25.885][info] [#0:script/workspace/loading.lua:112]: ++++As library of:	file:///tmp/.mount_nvimmmmcEM/usr/share/nvim/runtime/lua
[11:08:25.885][info] [#0:script/workspace/loading.lua:100]: Preload file at: file:///tmp/.mount_nvimmmmcEM/usr/share/nvim/runtime/lua/vim/deprecated/health.lua , size = 1.260 KB
[11:08:25.886][info] [#0:script/workspace/loading.lua:112]: ++++As library of:	file:///tmp/.mount_nvimmmmcEM/usr/share/nvim/runtime/lua
[11:08:25.886][info] [#0:script/workspace/loading.lua:100]: Preload file at: file:///tmp/.mount_nvimmmmcEM/usr/share/nvim/runtime/lua/vim/diagnostic.lua , size = 85.015 KB
[11:08:25.918][info] [#0:script/workspace/loading.lua:112]: ++++As library of:	file:///tmp/.mount_nvimmmmcEM/usr/share/nvim/runtime/lua
[11:08:25.918][info] [#0:script/workspace/loading.lua:100]: Preload file at: file:///tmp/.mount_nvimmmmcEM/usr/share/nvim/runtime/lua/vim/filetype/detect.lua , size = 61.322 KB
[11:08:25.943][info] [#0:script/workspace/loading.lua:112]: ++++As library of:	file:///tmp/.mount_nvimmmmcEM/usr/share/nvim/runtime/lua
[11:08:25.943][info] [#0:script/workspace/loading.lua:100]: Preload file at: file:///tmp/.mount_nvimmmmcEM/usr/share/nvim/runtime/lua/vim/filetype/options.lua , size = 2.559 KB
[11:08:25.944][info] [#0:script/workspace/loading.lua:112]: ++++As library of:	file:///tmp/.mount_nvimmmmcEM/usr/share/nvim/runtime/lua
[11:08:25.944][info] [#0:script/workspace/loading.lua:100]: Preload file at: file:///tmp/.mount_nvimmmmcEM/usr/share/nvim/runtime/lua/vim/filetype.lua , size = 78.884 KB
[11:08:25.969][info] [#0:script/workspace/loading.lua:112]: ++++As library of:	file:///tmp/.mount_nvimmmmcEM/usr/share/nvim/runtime/lua
[11:08:25.969][info] [#0:script/workspace/loading.lua:100]: Preload file at: file:///tmp/.mount_nvimmmmcEM/usr/share/nvim/runtime/lua/vim/fs.lua , size = 23.769 KB
[11:08:25.977][info] [#0:script/workspace/loading.lua:112]: ++++As library of:	file:///tmp/.mount_nvimmmmcEM/usr/share/nvim/runtime/lua
[11:08:25.977][info] [#0:script/workspace/loading.lua:100]: Preload file at: file:///tmp/.mount_nvimmmmcEM/usr/share/nvim/runtime/lua/vim/func/_memoize.lua , size = 1.979 KB
[11:08:25.978][info] [#0:script/workspace/loading.lua:112]: ++++As library of:	file:///tmp/.mount_nvimmmmcEM/usr/share/nvim/runtime/lua
[11:08:25.978][info] [#0:script/workspace/loading.lua:100]: Preload file at: file:///tmp/.mount_nvimmmmcEM/usr/share/nvim/runtime/lua/vim/func.lua , size = 1.950 KB
[11:08:25.979][info] [#0:script/workspace/loading.lua:112]: ++++As library of:	file:///tmp/.mount_nvimmmmcEM/usr/share/nvim/runtime/lua
[11:08:25.979][info] [#0:script/workspace/loading.lua:100]: Preload file at: file:///tmp/.mount_nvimmmmcEM/usr/share/nvim/runtime/lua/vim/glob.lua , size = 3.312 KB
[11:08:25.981][info] [#0:script/workspace/loading.lua:112]: ++++As library of:	file:///tmp/.mount_nvimmmmcEM/usr/share/nvim/runtime/lua
[11:08:25.981][info] [#0:script/workspace/loading.lua:100]: Preload file at: file:///tmp/.mount_nvimmmmcEM/usr/share/nvim/runtime/lua/vim/health/health.lua , size = 12.863 KB
[11:08:25.986][info] [#0:script/workspace/loading.lua:112]: ++++As library of:	file:///tmp/.mount_nvimmmmcEM/usr/share/nvim/runtime/lua
[11:08:25.986][info] [#0:script/workspace/loading.lua:100]: Preload file at: file:///tmp/.mount_nvimmmmcEM/usr/share/nvim/runtime/lua/vim/health.lua , size = 15.680 KB
[11:08:25.992][info] [#0:script/workspace/loading.lua:112]: ++++As library of:	file:///tmp/.mount_nvimmmmcEM/usr/share/nvim/runtime/lua
[11:08:25.992][info] [#0:script/workspace/loading.lua:100]: Preload file at: file:///tmp/.mount_nvimmmmcEM/usr/share/nvim/runtime/lua/vim/hl.lua , size = 6.054 KB
[11:08:25.994][info] [#0:script/workspace/loading.lua:112]: ++++As library of:	file:///tmp/.mount_nvimmmmcEM/usr/share/nvim/runtime/lua
[11:08:25.995][info] [#0:script/workspace/loading.lua:100]: Preload file at: file:///tmp/.mount_nvimmmmcEM/usr/share/nvim/runtime/lua/vim/inspect.lua , size = 8.899 KB
[11:08:25.998][info] [#0:script/workspace/loading.lua:112]: ++++As library of:	file:///tmp/.mount_nvimmmmcEM/usr/share/nvim/runtime/lua
[11:08:25.998][info] [#0:script/workspace/loading.lua:100]: Preload file at: file:///tmp/.mount_nvimmmmcEM/usr/share/nvim/runtime/lua/vim/iter.lua , size = 25.875 KB
[11:08:26.010][info] [#0:script/workspace/loading.lua:112]: ++++As library of:	file:///tmp/.mount_nvimmmmcEM/usr/share/nvim/runtime/lua
[11:08:26.010][info] [#0:script/workspace/loading.lua:100]: Preload file at: file:///tmp/.mount_nvimmmmcEM/usr/share/nvim/runtime/lua/vim/keymap.lua , size = 3.683 KB
[11:08:26.012][info] [#0:script/workspace/loading.lua:112]: ++++As library of:	file:///tmp/.mount_nvimmmmcEM/usr/share/nvim/runtime/lua
[11:08:26.012][info] [#0:script/workspace/loading.lua:100]: Preload file at: file:///tmp/.mount_nvimmmmcEM/usr/share/nvim/runtime/lua/vim/loader.lua , size = 14.564 KB
[11:08:26.019][info] [#0:script/workspace/loading.lua:112]: ++++As library of:	file:///tmp/.mount_nvimmmmcEM/usr/share/nvim/runtime/lua
[11:08:26.019][info] [#0:script/workspace/loading.lua:100]: Preload file at: file:///tmp/.mount_nvimmmmcEM/usr/share/nvim/runtime/lua/vim/lsp/_changetracking.lua , size = 11.493 KB
[11:08:26.023][info] [#0:script/workspace/loading.lua:112]: ++++As library of:	file:///tmp/.mount_nvimmmmcEM/usr/share/nvim/runtime/lua
[11:08:26.023][info] [#0:script/workspace/loading.lua:100]: Preload file at: file:///tmp/.mount_nvimmmmcEM/usr/share/nvim/runtime/lua/vim/lsp/_folding_range.lua , size = 11.103 KB
[11:08:26.028][info] [#0:script/workspace/loading.lua:112]: ++++As library of:	file:///tmp/.mount_nvimmmmcEM/usr/share/nvim/runtime/lua
[11:08:26.028][info] [#0:script/workspace/loading.lua:100]: Preload file at: file:///tmp/.mount_nvimmmmcEM/usr/share/nvim/runtime/lua/vim/lsp/_meta/protocol.lua , size = 188.964 KB
[11:08:26.070][info] [#0:script/workspace/loading.lua:112]: ++++As library of:	file:///tmp/.mount_nvimmmmcEM/usr/share/nvim/runtime/lua
[11:08:26.070][info] [#0:script/workspace/loading.lua:100]: Preload file at: file:///tmp/.mount_nvimmmmcEM/usr/share/nvim/runtime/lua/vim/lsp/_meta.lua , size = 0.585 KB
[11:08:26.071][info] [#0:script/workspace/loading.lua:112]: ++++As library of:	file:///tmp/.mount_nvimmmmcEM/usr/share/nvim/runtime/lua
[11:08:26.071][info] [#0:script/workspace/loading.lua:100]: Preload file at: file:///tmp/.mount_nvimmmmcEM/usr/share/nvim/runtime/lua/vim/lsp/_snippet_grammar.lua , size = 6.228 KB
[11:08:26.075][info] [#0:script/workspace/loading.lua:112]: ++++As library of:	file:///tmp/.mount_nvimmmmcEM/usr/share/nvim/runtime/lua
[11:08:26.075][info] [#0:script/workspace/loading.lua:100]: Preload file at: file:///tmp/.mount_nvimmmmcEM/usr/share/nvim/runtime/lua/vim/lsp/_tagfunc.lua , size = 3.236 KB
[11:08:26.076][info] [#0:script/workspace/loading.lua:112]: ++++As library of:	file:///tmp/.mount_nvimmmmcEM/usr/share/nvim/runtime/lua
[11:08:26.077][info] [#0:script/workspace/loading.lua:100]: Preload file at: file:///tmp/.mount_nvimmmmcEM/usr/share/nvim/runtime/lua/vim/lsp/_transport.lua , size = 5.152 KB
[11:08:26.079][info] [#0:script/workspace/loading.lua:112]: ++++As library of:	file:///tmp/.mount_nvimmmmcEM/usr/share/nvim/runtime/lua
[11:08:26.079][info] [#0:script/workspace/loading.lua:100]: Preload file at: file:///tmp/.mount_nvimmmmcEM/usr/share/nvim/runtime/lua/vim/lsp/_watchfiles.lua , size = 6.813 KB
[11:08:26.082][info] [#0:script/workspace/loading.lua:112]: ++++As library of:	file:///tmp/.mount_nvimmmmcEM/usr/share/nvim/runtime/lua
[11:08:26.082][info] [#0:script/workspace/loading.lua:100]: Preload file at: file:///tmp/.mount_nvimmmmcEM/usr/share/nvim/runtime/lua/vim/lsp/buf.lua , size = 42.998 KB
[11:08:26.098][info] [#0:script/workspace/loading.lua:112]: ++++As library of:	file:///tmp/.mount_nvimmmmcEM/usr/share/nvim/runtime/lua
[11:08:26.098][info] [#0:script/workspace/loading.lua:100]: Preload file at: file:///tmp/.mount_nvimmmmcEM/usr/share/nvim/runtime/lua/vim/lsp/client.lua , size = 40.645 KB
[11:08:26.113][info] [#0:script/workspace/loading.lua:112]: ++++As library of:	file:///tmp/.mount_nvimmmmcEM/usr/share/nvim/runtime/lua
[11:08:26.113][info] [#0:script/workspace/loading.lua:100]: Preload file at: file:///tmp/.mount_nvimmmmcEM/usr/share/nvim/runtime/lua/vim/lsp/codelens.lua , size = 9.245 KB
[11:08:26.117][info] [#0:script/workspace/loading.lua:112]: ++++As library of:	file:///tmp/.mount_nvimmmmcEM/usr/share/nvim/runtime/lua
[11:08:26.117][info] [#0:script/workspace/loading.lua:100]: Preload file at: file:///tmp/.mount_nvimmmmcEM/usr/share/nvim/runtime/lua/vim/lsp/completion.lua , size = 27.140 KB
[11:08:26.127][info] [#0:script/workspace/loading.lua:112]: ++++As library of:	file:///tmp/.mount_nvimmmmcEM/usr/share/nvim/runtime/lua
[11:08:26.127][info] [#0:script/workspace/loading.lua:100]: Preload file at: file:///tmp/.mount_nvimmmmcEM/usr/share/nvim/runtime/lua/vim/lsp/diagnostic.lua , size = 11.849 KB
[11:08:26.132][info] [#0:script/workspace/loading.lua:112]: ++++As library of:	file:///tmp/.mount_nvimmmmcEM/usr/share/nvim/runtime/lua
[11:08:26.132][info] [#0:script/workspace/loading.lua:100]: Preload file at: file:///tmp/.mount_nvimmmmcEM/usr/share/nvim/runtime/lua/vim/lsp/handlers.lua , size = 24.316 KB
[11:08:26.141][info] [#0:script/workspace/loading.lua:112]: ++++As library of:	file:///tmp/.mount_nvimmmmcEM/usr/share/nvim/runtime/lua
[11:08:26.141][info] [#0:script/workspace/loading.lua:100]: Preload file at: file:///tmp/.mount_nvimmmmcEM/usr/share/nvim/runtime/lua/vim/lsp/health.lua , size = 7.367 KB
[11:08:26.144][info] [#0:script/workspace/loading.lua:112]: ++++As library of:	file:///tmp/.mount_nvimmmmcEM/usr/share/nvim/runtime/lua
[11:08:26.144][info] [#0:script/workspace/loading.lua:100]: Preload file at: file:///tmp/.mount_nvimmmmcEM/usr/share/nvim/runtime/lua/vim/lsp/inlay_hint.lua , size = 11.941 KB
[11:08:26.149][info] [#0:script/workspace/loading.lua:112]: ++++As library of:	file:///tmp/.mount_nvimmmmcEM/usr/share/nvim/runtime/lua
[11:08:26.149][info] [#0:script/workspace/loading.lua:100]: Preload file at: file:///tmp/.mount_nvimmmmcEM/usr/share/nvim/runtime/lua/vim/lsp/log.lua , size = 5.593 KB
[11:08:26.151][info] [#0:script/workspace/loading.lua:112]: ++++As library of:	file:///tmp/.mount_nvimmmmcEM/usr/share/nvim/runtime/lua
[11:08:26.151][info] [#0:script/workspace/loading.lua:100]: Preload file at: file:///tmp/.mount_nvimmmmcEM/usr/share/nvim/runtime/lua/vim/lsp/protocol.lua , size = 44.826 KB
[11:08:26.159][info] [#0:script/workspace/loading.lua:112]: ++++As library of:	file:///tmp/.mount_nvimmmmcEM/usr/share/nvim/runtime/lua
[11:08:26.159][info] [#0:script/workspace/loading.lua:100]: Preload file at: file:///tmp/.mount_nvimmmmcEM/usr/share/nvim/runtime/lua/vim/lsp/rpc.lua , size = 22.153 KB
[11:08:26.168][info] [#0:script/workspace/loading.lua:112]: ++++As library of:	file:///tmp/.mount_nvimmmmcEM/usr/share/nvim/runtime/lua
[11:08:26.168][info] [#0:script/workspace/loading.lua:100]: Preload file at: file:///tmp/.mount_nvimmmmcEM/usr/share/nvim/runtime/lua/vim/lsp/semantic_tokens.lua , size = 27.239 KB
[11:08:26.178][info] [#0:script/workspace/loading.lua:112]: ++++As library of:	file:///tmp/.mount_nvimmmmcEM/usr/share/nvim/runtime/lua
[11:08:26.178][info] [#0:script/workspace/loading.lua:100]: Preload file at: file:///tmp/.mount_nvimmmmcEM/usr/share/nvim/runtime/lua/vim/lsp/sync.lua , size = 15.728 KB
[11:08:26.182][info] [#0:script/workspace/loading.lua:112]: ++++As library of:	file:///tmp/.mount_nvimmmmcEM/usr/share/nvim/runtime/lua
[11:08:26.182][info] [#0:script/workspace/loading.lua:100]: Preload file at: file:///tmp/.mount_nvimmmmcEM/usr/share/nvim/runtime/lua/vim/lsp/util.lua , size = 74.574 KB
[11:08:26.213][info] [#0:script/workspace/loading.lua:112]: ++++As library of:	file:///tmp/.mount_nvimmmmcEM/usr/share/nvim/runtime/lua
[11:08:26.213][info] [#0:script/workspace/loading.lua:100]: Preload file at: file:///tmp/.mount_nvimmmmcEM/usr/share/nvim/runtime/lua/vim/lsp.lua , size = 52.855 KB
[11:08:26.238][info] [#0:script/workspace/loading.lua:112]: ++++As library of:	file:///tmp/.mount_nvimmmmcEM/usr/share/nvim/runtime/lua
[11:08:26.238][info] [#0:script/workspace/loading.lua:100]: Preload file at: file:///tmp/.mount_nvimmmmcEM/usr/share/nvim/runtime/lua/vim/provider/health.lua , size = 29.545 KB
[11:08:26.251][info] [#0:script/workspace/loading.lua:112]: ++++As library of:	file:///tmp/.mount_nvimmmmcEM/usr/share/nvim/runtime/lua
[11:08:26.251][info] [#0:script/workspace/loading.lua:100]: Preload file at: file:///tmp/.mount_nvimmmmcEM/usr/share/nvim/runtime/lua/vim/provider/perl.lua , size = 1.998 KB
[11:08:26.253][info] [#0:script/workspace/loading.lua:112]: ++++As library of:	file:///tmp/.mount_nvimmmmcEM/usr/share/nvim/runtime/lua
[11:08:26.253][info] [#0:script/workspace/loading.lua:100]: Preload file at: file:///tmp/.mount_nvimmmmcEM/usr/share/nvim/runtime/lua/vim/provider/python.lua , size = 4.210 KB
[11:08:26.255][info] [#0:script/workspace/loading.lua:112]: ++++As library of:	file:///tmp/.mount_nvimmmmcEM/usr/share/nvim/runtime/lua
[11:08:26.255][info] [#0:script/workspace/loading.lua:100]: Preload file at: file:///tmp/.mount_nvimmmmcEM/usr/share/nvim/runtime/lua/vim/provider/ruby.lua , size = 1.563 KB
[11:08:26.257][info] [#0:script/workspace/loading.lua:112]: ++++As library of:	file:///tmp/.mount_nvimmmmcEM/usr/share/nvim/runtime/lua
[11:08:26.257][info] [#0:script/workspace/loading.lua:100]: Preload file at: file:///tmp/.mount_nvimmmmcEM/usr/share/nvim/runtime/lua/vim/provider.lua , size = 0.197 KB
[11:08:26.257][info] [#0:script/workspace/loading.lua:112]: ++++As library of:	file:///tmp/.mount_nvimmmmcEM/usr/share/nvim/runtime/lua
[11:08:26.257][info] [#0:script/workspace/loading.lua:100]: Preload file at: file:///tmp/.mount_nvimmmmcEM/usr/share/nvim/runtime/lua/vim/re.lua , size = 6.527 KB
[11:08:26.262][info] [#0:script/workspace/loading.lua:112]: ++++As library of:	file:///tmp/.mount_nvimmmmcEM/usr/share/nvim/runtime/lua
[11:08:26.263][info] [#0:script/workspace/loading.lua:100]: Preload file at: file:///tmp/.mount_nvimmmmcEM/usr/share/nvim/runtime/lua/vim/secure.lua , size = 6.484 KB
[11:08:26.267][info] [#0:script/workspace/loading.lua:112]: ++++As library of:	file:///tmp/.mount_nvimmmmcEM/usr/share/nvim/runtime/lua
[11:08:26.267][info] [#0:script/workspace/loading.lua:100]: Preload file at: file:///tmp/.mount_nvimmmmcEM/usr/share/nvim/runtime/lua/vim/shared.lua , size = 40.562 KB
[11:08:26.287][info] [#0:script/workspace/loading.lua:112]: ++++As library of:	file:///tmp/.mount_nvimmmmcEM/usr/share/nvim/runtime/lua
[11:08:26.288][info] [#0:script/workspace/loading.lua:100]: Preload file at: file:///tmp/.mount_nvimmmmcEM/usr/share/nvim/runtime/lua/vim/snippet.lua , size = 19.590 KB
[11:08:26.298][info] [#0:script/workspace/loading.lua:112]: ++++As library of:	file:///tmp/.mount_nvimmmmcEM/usr/share/nvim/runtime/lua
[11:08:26.298][info] [#0:script/workspace/loading.lua:100]: Preload file at: file:///tmp/.mount_nvimmmmcEM/usr/share/nvim/runtime/lua/vim/termcap.lua , size = 2.952 KB
[11:08:26.300][info] [#0:script/workspace/loading.lua:112]: ++++As library of:	file:///tmp/.mount_nvimmmmcEM/usr/share/nvim/runtime/lua
[11:08:26.300][info] [#0:script/workspace/loading.lua:100]: Preload file at: file:///tmp/.mount_nvimmmmcEM/usr/share/nvim/runtime/lua/vim/text.lua , size = 4.512 KB
[11:08:26.303][info] [#0:script/workspace/loading.lua:112]: ++++As library of:	file:///tmp/.mount_nvimmmmcEM/usr/share/nvim/runtime/lua
[11:08:26.303][info] [#0:script/workspace/loading.lua:100]: Preload file at: file:///tmp/.mount_nvimmmmcEM/usr/share/nvim/runtime/lua/vim/treesitter/_fold.lua , size = 14.803 KB
[11:08:26.311][info] [#0:script/workspace/loading.lua:112]: ++++As library of:	file:///tmp/.mount_nvimmmmcEM/usr/share/nvim/runtime/lua
[11:08:26.311][info] [#0:script/workspace/loading.lua:100]: Preload file at: file:///tmp/.mount_nvimmmmcEM/usr/share/nvim/runtime/lua/vim/treesitter/_headings.lua , size = 3.902 KB
[11:08:26.313][info] [#0:script/workspace/loading.lua:112]: ++++As library of:	file:///tmp/.mount_nvimmmmcEM/usr/share/nvim/runtime/lua
[11:08:26.314][info] [#0:script/workspace/loading.lua:100]: Preload file at: file:///tmp/.mount_nvimmmmcEM/usr/share/nvim/runtime/lua/vim/treesitter/_meta/misc.lua , size = 2.809 KB
[11:08:26.316][info] [#0:script/workspace/loading.lua:112]: ++++As library of:	file:///tmp/.mount_nvimmmmcEM/usr/share/nvim/runtime/lua
[11:08:26.316][info] [#0:script/workspace/loading.lua:100]: Preload file at: file:///tmp/.mount_nvimmmmcEM/usr/share/nvim/runtime/lua/vim/treesitter/_meta/tsnode.lua , size = 5.839 KB
[11:08:26.320][info] [#0:script/workspace/loading.lua:112]: ++++As library of:	file:///tmp/.mount_nvimmmmcEM/usr/share/nvim/runtime/lua
[11:08:26.320][info] [#0:script/workspace/loading.lua:100]: Preload file at: file:///tmp/.mount_nvimmmmcEM/usr/share/nvim/runtime/lua/vim/treesitter/_meta/tsquery.lua , size = 1.860 KB
[11:08:26.321][info] [#0:script/workspace/loading.lua:112]: ++++As library of:	file:///tmp/.mount_nvimmmmcEM/usr/share/nvim/runtime/lua
[11:08:26.321][info] [#0:script/workspace/loading.lua:100]: Preload file at: file:///tmp/.mount_nvimmmmcEM/usr/share/nvim/runtime/lua/vim/treesitter/_meta/tstree.lua , size = 1.234 KB
[11:08:26.322][info] [#0:script/workspace/loading.lua:112]: ++++As library of:	file:///tmp/.mount_nvimmmmcEM/usr/share/nvim/runtime/lua
[11:08:26.322][info] [#0:script/workspace/loading.lua:100]: Preload file at: file:///tmp/.mount_nvimmmmcEM/usr/share/nvim/runtime/lua/vim/treesitter/_query_linter.lua , size = 7.818 KB
[11:08:26.327][info] [#0:script/workspace/loading.lua:112]: ++++As library of:	file:///tmp/.mount_nvimmmmcEM/usr/share/nvim/runtime/lua
[11:08:26.327][info] [#0:script/workspace/loading.lua:100]: Preload file at: file:///tmp/.mount_nvimmmmcEM/usr/share/nvim/runtime/lua/vim/treesitter/_range.lua , size = 3.923 KB
[11:08:26.330][info] [#0:script/workspace/loading.lua:112]: ++++As library of:	file:///tmp/.mount_nvimmmmcEM/usr/share/nvim/runtime/lua
[11:08:26.331][info] [#0:script/workspace/loading.lua:100]: Preload file at: file:///tmp/.mount_nvimmmmcEM/usr/share/nvim/runtime/lua/vim/treesitter/dev.lua , size = 21.149 KB
[11:08:26.342][info] [#0:script/workspace/loading.lua:112]: ++++As library of:	file:///tmp/.mount_nvimmmmcEM/usr/share/nvim/runtime/lua
[11:08:26.342][info] [#0:script/workspace/loading.lua:100]: Preload file at: file:///tmp/.mount_nvimmmmcEM/usr/share/nvim/runtime/lua/vim/treesitter/health.lua , size = 1.551 KB
[11:08:26.343][info] [#0:script/workspace/loading.lua:112]: ++++As library of:	file:///tmp/.mount_nvimmmmcEM/usr/share/nvim/runtime/lua
[11:08:26.343][info] [#0:script/workspace/loading.lua:100]: Preload file at: file:///tmp/.mount_nvimmmmcEM/usr/share/nvim/runtime/lua/vim/treesitter/highlighter.lua , size = 15.112 KB
[11:08:26.352][info] [#0:script/workspace/loading.lua:112]: ++++As library of:	file:///tmp/.mount_nvimmmmcEM/usr/share/nvim/runtime/lua
[11:08:26.352][info] [#0:script/workspace/loading.lua:100]: Preload file at: file:///tmp/.mount_nvimmmmcEM/usr/share/nvim/runtime/lua/vim/treesitter/language.lua , size = 5.382 KB
[11:08:26.355][info] [#0:script/workspace/loading.lua:112]: ++++As library of:	file:///tmp/.mount_nvimmmmcEM/usr/share/nvim/runtime/lua
[11:08:26.355][info] [#0:script/workspace/loading.lua:100]: Preload file at: file:///tmp/.mount_nvimmmmcEM/usr/share/nvim/runtime/lua/vim/treesitter/languagetree.lua , size = 40.223 KB
[11:08:26.376][info] [#0:script/workspace/loading.lua:112]: ++++As library of:	file:///tmp/.mount_nvimmmmcEM/usr/share/nvim/runtime/lua
[11:08:26.376][info] [#0:script/workspace/loading.lua:100]: Preload file at: file:///tmp/.mount_nvimmmmcEM/usr/share/nvim/runtime/lua/vim/treesitter/query.lua , size = 37.908 KB
[11:08:26.393][info] [#0:script/workspace/loading.lua:112]: ++++As library of:	file:///tmp/.mount_nvimmmmcEM/usr/share/nvim/runtime/lua
[11:08:26.393][info] [#0:script/workspace/loading.lua:100]: Preload file at: file:///tmp/.mount_nvimmmmcEM/usr/share/nvim/runtime/lua/vim/treesitter.lua , size = 15.239 KB
[11:08:26.401][info] [#0:script/workspace/loading.lua:112]: ++++As library of:	file:///tmp/.mount_nvimmmmcEM/usr/share/nvim/runtime/lua
[11:08:26.401][info] [#0:script/workspace/loading.lua:100]: Preload file at: file:///tmp/.mount_nvimmmmcEM/usr/share/nvim/runtime/lua/vim/ui/clipboard/osc52.lua , size = 2.146 KB
[11:08:26.402][info] [#0:script/workspace/loading.lua:112]: ++++As library of:	file:///tmp/.mount_nvimmmmcEM/usr/share/nvim/runtime/lua
[11:08:26.402][info] [#0:script/workspace/loading.lua:100]: Preload file at: file:///tmp/.mount_nvimmmmcEM/usr/share/nvim/runtime/lua/vim/ui.lua , size = 7.683 KB
[11:08:26.407][info] [#0:script/workspace/loading.lua:112]: ++++As library of:	file:///tmp/.mount_nvimmmmcEM/usr/share/nvim/runtime/lua
[11:08:26.407][info] [#0:script/workspace/loading.lua:100]: Preload file at: file:///tmp/.mount_nvimmmmcEM/usr/share/nvim/runtime/lua/vim/uri.lua , size = 3.614 KB
[11:08:26.409][info] [#0:script/workspace/loading.lua:112]: ++++As library of:	file:///tmp/.mount_nvimmmmcEM/usr/share/nvim/runtime/lua
[11:08:26.409][info] [#0:script/workspace/loading.lua:100]: Preload file at: file:///tmp/.mount_nvimmmmcEM/usr/share/nvim/runtime/lua/vim/version.lua , size = 13.701 KB
[11:08:26.417][info] [#0:script/workspace/loading.lua:112]: ++++As library of:	file:///tmp/.mount_nvimmmmcEM/usr/share/nvim/runtime/lua
[11:08:26.417][info] [#0:script/workspace/loading.lua:100]: Preload file at: file:///home/muhammed-emin-eser/.local/share/nvim/mason/packages/lua-language-server/libexec/meta/LuaJIT%20en-us%20utf8/io.lua , size = 6.364 KB
[11:08:26.421][info] [#0:script/workspace/loading.lua:112]: ++++As library of:	file:///home/muhammed-emin-eser/.local/share/nvim/mason/packages/lua-language-server/libexec/meta/LuaJIT%20en-us%20utf8/io.lua
[11:08:26.421][info] [#0:script/workspace/loading.lua:100]: Preload file at: file:///home/muhammed-emin-eser/.local/share/nvim/mason/packages/lua-language-server/libexec/meta/LuaJIT%20en-us%20utf8/jit/profile.lua , size = 0.348 KB
[11:08:26.422][info] [#0:script/workspace/loading.lua:112]: ++++As library of:	file:///home/muhammed-emin-eser/.local/share/nvim/mason/packages/lua-language-server/libexec/meta/LuaJIT%20en-us%20utf8/jit/profile.lua
[11:08:26.422][info] [#0:script/workspace/loading.lua:100]: Preload file at: file:///home/muhammed-emin-eser/.local/share/nvim/mason/packages/lua-language-server/libexec/meta/LuaJIT%20en-us%20utf8/table.lua , size = 5.020 KB
[11:08:26.425][info] [#0:script/workspace/loading.lua:112]: ++++As library of:	file:///home/muhammed-emin-eser/.local/share/nvim/mason/packages/lua-language-server/libexec/meta/LuaJIT%20en-us%20utf8/table.lua
[11:08:26.436][info] [#0:script/workspace/loading.lua:100]: Preload file at: file:///home/muhammed-emin-eser/dotfiles/nvim/nvim/lua/plugins/extend-bufferline.lua , size = 0.541 KB
[11:08:26.436][info] [#0:script/workspace/loading.lua:112]: ++++As library of:	file:///home/muhammed-emin-eser/dotfiles/nvim/nvim/lua
[11:08:26.436][info] [#0:script/workspace/loading.lua:100]: Preload file at: file:///home/muhammed-emin-eser/dotfiles/nvim/nvim/lua/plugins/swenv.lua , size = 0.574 KB
[11:08:26.437][info] [#0:script/workspace/loading.lua:112]: ++++As library of:	file:///home/muhammed-emin-eser/dotfiles/nvim/nvim/lua
[11:08:26.437][info] [#0:script/workspace/loading.lua:100]: Preload file at: file:///home/muhammed-emin-eser/dotfiles/nvim/nvim/lua/plugins/rip-substitute.lua , size = 0.211 KB
[11:08:26.437][info] [#0:script/workspace/loading.lua:112]: ++++As library of:	file:///home/muhammed-emin-eser/dotfiles/nvim/nvim/lua
[11:08:26.437][info] [#0:script/workspace/loading.lua:100]: Preload file at: file:///home/muhammed-emin-eser/dotfiles/nvim/nvim/lua/plugins/breakpoints.lua , size = 0.550 KB
[11:08:26.438][info] [#0:script/workspace/loading.lua:112]: ++++As library of:	file:///home/muhammed-emin-eser/dotfiles/nvim/nvim/lua
[11:08:26.438][info] [#0:script/workspace/loading.lua:100]: Preload file at: file:///home/muhammed-emin-eser/dotfiles/nvim/nvim/lua/plugins/snacks.lua , size = 0.197 KB
[11:08:26.438][info] [#0:script/workspace/loading.lua:112]: ++++As library of:	file:///home/muhammed-emin-eser/dotfiles/nvim/nvim/lua
[11:08:26.438][info] [#0:script/workspace/loading.lua:100]: Preload file at: file:///home/muhammed-emin-eser/dotfiles/nvim/nvim/lua/plugins/excali.lua , size = 0.056 KB
[11:08:26.438][info] [#0:script/workspace/loading.lua:112]: ++++As library of:	file:///home/muhammed-emin-eser/dotfiles/nvim/nvim/lua
[11:08:26.438][info] [#0:script/workspace/loading.lua:100]: Preload file at: file:///home/muhammed-emin-eser/dotfiles/nvim/nvim/lua/plugins/todo.lua , size = 1.066 KB
[11:08:26.439][info] [#0:script/workspace/loading.lua:112]: ++++As library of:	file:///home/muhammed-emin-eser/dotfiles/nvim/nvim/lua
[11:08:26.439][info] [#0:script/workspace/loading.lua:100]: Preload file at: file:///home/muhammed-emin-eser/dotfiles/nvim/nvim/lua/plugins/diff_buffer.lua , size = 3.210 KB
[11:08:26.441][info] [#0:script/workspace/loading.lua:112]: ++++As library of:	file:///home/muhammed-emin-eser/dotfiles/nvim/nvim/lua
[11:08:26.441][info] [#0:script/workspace/loading.lua:100]: Preload file at: file:///home/muhammed-emin-eser/dotfiles/nvim/nvim/lua/plugins/mermaid.lua , size = 0.240 KB
[11:08:26.441][info] [#0:script/workspace/loading.lua:112]: ++++As library of:	file:///home/muhammed-emin-eser/dotfiles/nvim/nvim/lua
[11:08:26.441][info] [#0:script/workspace/loading.lua:100]: Preload file at: file:///home/muhammed-emin-eser/dotfiles/nvim/nvim/lua/plugins/noice.lua , size = 0.120 KB
[11:08:26.441][info] [#0:script/workspace/loading.lua:112]: ++++As library of:	file:///home/muhammed-emin-eser/dotfiles/nvim/nvim/lua
[11:08:26.441][info] [#0:script/workspace/loading.lua:100]: Preload file at: file:///home/muhammed-emin-eser/dotfiles/nvim/nvim/lua/plugins/example.lua , size = 5.171 KB
[11:08:26.443][info] [#0:script/workspace/loading.lua:112]: ++++As library of:	file:///home/muhammed-emin-eser/dotfiles/nvim/nvim/lua
[11:08:26.443][info] [#0:script/workspace/loading.lua:100]: Preload file at: file:///home/muhammed-emin-eser/dotfiles/nvim/nvim/lua/plugins/blink.lua , size = 0.410 KB
[11:08:26.444][info] [#0:script/workspace/loading.lua:112]: ++++As library of:	file:///home/muhammed-emin-eser/dotfiles/nvim/nvim/lua
[11:08:26.444][info] [#0:script/workspace/loading.lua:100]: Preload file at: file:///home/muhammed-emin-eser/dotfiles/nvim/nvim/lua/plugins/gitignore.lua , size = 0.486 KB
[11:08:26.444][info] [#0:script/workspace/loading.lua:112]: ++++As library of:	file:///home/muhammed-emin-eser/dotfiles/nvim/nvim/lua
[11:08:26.444][info] [#0:script/workspace/loading.lua:100]: Preload file at: file:///home/muhammed-emin-eser/dotfiles/nvim/nvim/lua/plugins/dap.lua , size = 0.577 KB
[11:08:26.445][info] [#0:script/workspace/loading.lua:112]: ++++As library of:	file:///home/muhammed-emin-eser/dotfiles/nvim/nvim/lua
[11:08:26.445][info] [#0:script/workspace/loading.lua:100]: Preload file at: file:///home/muhammed-emin-eser/dotfiles/nvim/nvim/lua/config/lazy.lua , size = 1.881 KB
[11:08:26.446][info] [#0:script/workspace/loading.lua:112]: ++++As library of:	file:///home/muhammed-emin-eser/dotfiles/nvim/nvim/lua
[11:08:26.446][info] [#0:script/workspace/loading.lua:100]: Preload file at: file:///home/muhammed-emin-eser/dotfiles/nvim/nvim/lua/config/extend-mini-files.lua , size = 0.786 KB
[11:08:26.446][info] [#0:script/workspace/loading.lua:112]: ++++As library of:	file:///home/muhammed-emin-eser/dotfiles/nvim/nvim/lua
[11:08:26.446][info] [#0:script/workspace/loading.lua:100]: Preload file at: file:///home/muhammed-emin-eser/dotfiles/nvim/nvim/lua/config/options.lua , size = 4.504 KB
[11:08:26.449][info] [#0:script/workspace/loading.lua:112]: ++++As library of:	file:///home/muhammed-emin-eser/dotfiles/nvim/nvim/lua
[11:08:26.449][info] [#0:script/workspace/loading.lua:100]: Preload file at: file:///home/muhammed-emin-eser/dotfiles/nvim/nvim/lua/config/ai_toggle.lua , size = 0.654 KB
[11:08:26.450][info] [#0:script/workspace/loading.lua:112]: ++++As library of:	file:///home/muhammed-emin-eser/dotfiles/nvim/nvim/lua
[11:08:26.450][info] [#0:script/workspace/loading.lua:100]: Preload file at: file:///home/muhammed-emin-eser/dotfiles/nvim/nvim/lua/config/keymaps.lua , size = 4.774 KB
[11:08:26.452][info] [#0:script/workspace/loading.lua:112]: ++++As library of:	file:///home/muhammed-emin-eser/dotfiles/nvim/nvim/lua
[11:08:26.452][info] [#0:script/workspace/loading.lua:100]: Preload file at: file:///home/muhammed-emin-eser/dotfiles/nvim/nvim/lua/config/disable.lua , size = 0.242 KB
[11:08:26.453][info] [#0:script/workspace/loading.lua:112]: ++++As library of:	file:///home/muhammed-emin-eser/dotfiles/nvim/nvim/lua
[11:08:26.453][info] [#0:script/workspace/loading.lua:100]: Preload file at: file:///home/muhammed-emin-eser/dotfiles/nvim/nvim/lua/config/spider.lua , size = 0.511 KB
[11:08:26.453][info] [#0:script/workspace/loading.lua:112]: ++++As library of:	file:///home/muhammed-emin-eser/dotfiles/nvim/nvim/lua
[11:08:26.453][info] [#0:script/workspace/loading.lua:100]: Preload file at: file:///home/muhammed-emin-eser/.local/share/nvim/mason/packages/lua-language-server/libexec/meta/LuaJIT%20en-us%20utf8/string.lua , size = 6.371 KB
[11:08:26.458][info] [#0:script/workspace/loading.lua:112]: ++++As library of:	file:///home/muhammed-emin-eser/.local/share/nvim/mason/packages/lua-language-server/libexec/meta/LuaJIT%20en-us%20utf8/string.lua
[11:08:26.458][info] [#0:script/workspace/loading.lua:100]: Preload file at: file:///home/muhammed-emin-eser/.local/share/nvim/lazy/LazyVim/lua/lazyvim/health.lua , size = 1.700 KB
[11:08:26.459][info] [#0:script/workspace/loading.lua:112]: ++++As library of:	file:///home/muhammed-emin-eser/.local/share/nvim/lazy/LazyVim/lua
[11:08:26.459][info] [#0:script/workspace/loading.lua:100]: Preload file at: file:///home/muhammed-emin-eser/.local/share/nvim/lazy/LazyVim/lua/lazyvim/init.lua , size = 0.146 KB
[11:08:26.460][info] [#0:script/workspace/loading.lua:112]: ++++As library of:	file:///home/muhammed-emin-eser/.local/share/nvim/lazy/LazyVim/lua
[11:08:26.460][info] [#0:script/workspace/loading.lua:100]: Preload file at: file:///home/muhammed-emin-eser/.local/share/nvim/lazy/LazyVim/lua/lazyvim/types.lua , size = 0.644 KB
[11:08:26.461][info] [#0:script/workspace/loading.lua:112]: ++++As library of:	file:///home/muhammed-emin-eser/.local/share/nvim/lazy/LazyVim/lua
[11:08:26.461][info] [#0:script/workspace/loading.lua:100]: Preload file at: file:///home/muhammed-emin-eser/.local/share/nvim/lazy/LazyVim/lua/lazyvim/plugins/coding.lua , size = 3.036 KB
[11:08:26.462][info] [#0:script/workspace/loading.lua:112]: ++++As library of:	file:///home/muhammed-emin-eser/.local/share/nvim/lazy/LazyVim/lua
[11:08:26.462][info] [#0:script/workspace/loading.lua:100]: Preload file at: file:///home/muhammed-emin-eser/.local/share/nvim/lazy/LazyVim/lua/lazyvim/plugins/editor.lua , size = 8.971 KB
[11:08:26.466][info] [#0:script/workspace/loading.lua:112]: ++++As library of:	file:///home/muhammed-emin-eser/.local/share/nvim/lazy/LazyVim/lua
[11:08:26.466][info] [#0:script/workspace/loading.lua:100]: Preload file at: file:///home/muhammed-emin-eser/.local/share/nvim/lazy/LazyVim/lua/lazyvim/plugins/init.lua , size = 0.918 KB
[11:08:26.467][info] [#0:script/workspace/loading.lua:112]: ++++As library of:	file:///home/muhammed-emin-eser/.local/share/nvim/lazy/LazyVim/lua
[11:08:26.467][info] [#0:script/workspace/loading.lua:100]: Preload file at: file:///home/muhammed-emin-eser/.local/share/nvim/lazy/LazyVim/lua/lazyvim/plugins/extras/test/core.lua , size = 4.968 KB
[11:08:26.470][info] [#0:script/workspace/loading.lua:112]: ++++As library of:	file:///home/muhammed-emin-eser/.local/share/nvim/lazy/LazyVim/lua
[11:08:26.470][info] [#0:script/workspace/loading.lua:100]: Preload file at: file:///home/muhammed-emin-eser/.local/share/nvim/lazy/LazyVim/lua/lazyvim/plugins/extras/dap/nlua.lua , size = 1.084 KB
[11:08:26.470][info] [#0:script/workspace/loading.lua:112]: ++++As library of:	file:///home/muhammed-emin-eser/.local/share/nvim/lazy/LazyVim/lua
[11:08:26.470][info] [#0:script/workspace/loading.lua:100]: Preload file at: file:///home/muhammed-emin-eser/.local/share/nvim/lazy/LazyVim/lua/lazyvim/plugins/extras/dap/core.lua , size = 5.029 KB
[11:08:26.474][info] [#0:script/workspace/loading.lua:112]: ++++As library of:	file:///home/muhammed-emin-eser/.local/share/nvim/lazy/LazyVim/lua
[11:08:26.474][info] [#0:script/workspace/loading.lua:100]: Preload file at: file:///home/muhammed-emin-eser/.local/share/nvim/lazy/LazyVim/lua/lazyvim/plugins/extras/linting/eslint.lua , size = 1.034 KB
[11:08:26.475][info] [#0:script/workspace/loading.lua:112]: ++++As library of:	file:///home/muhammed-emin-eser/.local/share/nvim/lazy/LazyVim/lua
[11:08:26.475][info] [#0:script/workspace/loading.lua:100]: Preload file at: file:///home/muhammed-emin-eser/.local/share/nvim/lazy/LazyVim/lua/lazyvim/plugins/extras/lang/prisma.lua , size = 0.314 KB
[11:08:26.475][info] [#0:script/workspace/loading.lua:112]: ++++As library of:	file:///home/muhammed-emin-eser/.local/share/nvim/lazy/LazyVim/lua
[11:08:26.475][info] [#0:script/workspace/loading.lua:100]: Preload file at: file:///home/muhammed-emin-eser/.local/share/nvim/lazy/LazyVim/lua/lazyvim/plugins/extras/lang/zig.lua , size = 0.538 KB
[11:08:26.476][info] [#0:script/workspace/loading.lua:112]: ++++As library of:	file:///home/muhammed-emin-eser/.local/share/nvim/lazy/LazyVim/lua
[11:08:26.476][info] [#0:script/workspace/loading.lua:100]: Preload file at: file:///home/muhammed-emin-eser/.local/share/nvim/lazy/LazyVim/lua/lazyvim/plugins/extras/lang/ansible.lua , size = 0.632 KB
[11:08:26.477][info] [#0:script/workspace/loading.lua:112]: ++++As library of:	file:///home/muhammed-emin-eser/.local/share/nvim/lazy/LazyVim/lua
[11:08:26.477][info] [#0:script/workspace/loading.lua:100]: Preload file at: file:///home/muhammed-emin-eser/.local/share/nvim/lazy/LazyVim/lua/lazyvim/plugins/extras/lang/thrift.lua , size = 0.271 KB
[11:08:26.477][info] [#0:script/workspace/loading.lua:112]: ++++As library of:	file:///home/muhammed-emin-eser/.local/share/nvim/lazy/LazyVim/lua
[11:08:26.477][info] [#0:script/workspace/loading.lua:100]: Preload file at: file:///home/muhammed-emin-eser/.local/share/nvim/lazy/LazyVim/lua/lazyvim/plugins/extras/lang/ruby.lua , size = 2.090 KB
[11:08:26.479][info] [#0:script/workspace/loading.lua:112]: ++++As library of:	file:///home/muhammed-emin-eser/.local/share/nvim/lazy/LazyVim/lua
[11:08:26.479][info] [#0:script/workspace/loading.lua:100]: Preload file at: file:///home/muhammed-emin-eser/.local/share/nvim/lazy/LazyVim/lua/lazyvim/plugins/extras/lang/python.lua , size = 3.217 KB
[11:08:26.482][info] [#0:script/workspace/loading.lua:112]: ++++As library of:	file:///home/muhammed-emin-eser/.local/share/nvim/lazy/LazyVim/lua
[11:08:26.482][info] [#0:script/workspace/loading.lua:100]: Preload file at: file:///home/muhammed-emin-eser/.local/share/nvim/lazy/LazyVim/lua/lazyvim/plugins/extras/lang/kotlin.lua , size = 3.074 KB
[11:08:26.484][info] [#0:script/workspace/loading.lua:112]: ++++As library of:	file:///home/muhammed-emin-eser/.local/share/nvim/lazy/LazyVim/lua
[11:08:26.485][info] [#0:script/workspace/loading.lua:100]: Preload file at: file:///home/muhammed-emin-eser/.local/share/nvim/lazy/LazyVim/lua/lazyvim/plugins/extras/lang/java.lua , size = 10.279 KB
[11:08:26.492][info] [#0:script/workspace/loading.lua:112]: ++++As library of:	file:///home/muhammed-emin-eser/.local/share/nvim/lazy/LazyVim/lua
[11:08:26.492][info] [#0:script/workspace/loading.lua:100]: Preload file at: file:///home/muhammed-emin-eser/.local/share/nvim/lazy/LazyVim/lua/lazyvim/plugins/extras/lang/gleam.lua , size = 0.404 KB
[11:08:26.493][info] [#0:script/workspace/loading.lua:112]: ++++As library of:	file:///home/muhammed-emin-eser/.local/share/nvim/lazy/LazyVim/lua
[11:08:26.493][info] [#0:script/workspace/loading.lua:100]: Preload file at: file:///home/muhammed-emin-eser/.local/share/nvim/lazy/LazyVim/lua/lazyvim/plugins/extras/lang/nix.lua , size = 0.544 KB
[11:08:26.494][info] [#0:script/workspace/loading.lua:112]: ++++As library of:	file:///home/muhammed-emin-eser/.local/share/nvim/lazy/LazyVim/lua
[11:08:26.494][info] [#0:script/workspace/loading.lua:100]: Preload file at: file:///home/muhammed-emin-eser/.local/share/nvim/lazy/LazyVim/lua/lazyvim/plugins/extras/lang/ember.lua , size = 0.709 KB
[11:08:26.495][info] [#0:script/workspace/loading.lua:112]: ++++As library of:	file:///home/muhammed-emin-eser/.local/share/nvim/lazy/LazyVim/lua
[11:08:26.495][info] [#0:script/workspace/loading.lua:100]: Preload file at: file:///home/muhammed-emin-eser/.local/share/nvim/lazy/LazyVim/lua/lazyvim/plugins/extras/lang/angular.lua , size = 1.806 KB
[11:08:26.497][info] [#0:script/workspace/loading.lua:112]: ++++As library of:	file:///home/muhammed-emin-eser/.local/share/nvim/lazy/LazyVim/lua
[11:08:26.497][info] [#0:script/workspace/loading.lua:100]: Preload file at: file:///home/muhammed-emin-eser/.local/share/nvim/lazy/LazyVim/lua/lazyvim/plugins/extras/lang/typst.lua , size = 1.708 KB
[11:08:26.560][info] [#0:script/workspace/loading.lua:112]: ++++As library of:	file:///home/muhammed-emin-eser/.local/share/nvim/lazy/LazyVim/lua
[11:08:26.560][info] [#0:script/workspace/loading.lua:100]: Preload file at: file:///home/muhammed-emin-eser/.local/share/nvim/lazy/LazyVim/lua/lazyvim/plugins/extras/lang/solidity.lua , size = 0.674 KB
[11:08:26.566][info] [#0:script/workspace/loading.lua:112]: ++++As library of:	file:///home/muhammed-emin-eser/.local/share/nvim/lazy/LazyVim/lua
[11:08:26.566][info] [#0:script/workspace/loading.lua:100]: Preload file at: file:///home/muhammed-emin-eser/.local/share/nvim/lazy/LazyVim/lua/lazyvim/plugins/extras/lang/scala.lua , size = 2.627 KB
[11:08:26.567][info] [#0:script/workspace/loading.lua:112]: ++++As library of:	file:///home/muhammed-emin-eser/.local/share/nvim/lazy/LazyVim/lua
[11:08:26.567][info] [#0:script/workspace/loading.lua:100]: Preload file at: file:///home/muhammed-emin-eser/.local/share/nvim/lazy/LazyVim/lua/lazyvim/plugins/extras/lang/dart.lua , size = 0.646 KB
[11:08:26.567][info] [#0:script/workspace/loading.lua:112]: ++++As library of:	file:///home/muhammed-emin-eser/.local/share/nvim/lazy/LazyVim/lua
[11:08:26.568][info] [#0:script/workspace/loading.lua:100]: Preload file at: file:///home/muhammed-emin-eser/.local/share/nvim/lazy/LazyVim/lua/lazyvim/plugins/extras/lang/rust.lua , size = 4.075 KB
[11:08:26.569][info] [#0:script/workspace/loading.lua:112]: ++++As library of:	file:///home/muhammed-emin-eser/.local/share/nvim/lazy/LazyVim/lua
[11:08:26.569][info] [#0:script/workspace/loading.lua:100]: Preload file at: file:///home/muhammed-emin-eser/.local/share/nvim/lazy/LazyVim/lua/lazyvim/plugins/extras/lang/haskell.lua , size = 3.080 KB
[11:08:26.570][info] [#0:script/workspace/loading.lua:112]: ++++As library of:	file:///home/muhammed-emin-eser/.local/share/nvim/lazy/LazyVim/lua
[11:08:26.570][info] [#0:script/workspace/loading.lua:100]: Preload file at: file:///home/muhammed-emin-eser/.local/share/nvim/lazy/LazyVim/lua/lazyvim/plugins/extras/lang/helm.lua , size = 0.372 KB
[11:08:26.571][info] [#0:script/workspace/loading.lua:112]: ++++As library of:	file:///home/muhammed-emin-eser/.local/share/nvim/lazy/LazyVim/lua
[11:08:26.571][info] [#0:script/workspace/loading.lua:100]: Preload file at: file:///home/muhammed-emin-eser/.local/share/nvim/lazy/LazyVim/lua/lazyvim/plugins/extras/lang/julia.lua , size = 1.319 KB
[11:08:26.571][info] [#0:script/workspace/loading.lua:112]: ++++As library of:	file:///home/muhammed-emin-eser/.local/share/nvim/lazy/LazyVim/lua
[11:08:26.571][info] [#0:script/workspace/loading.lua:100]: Preload file at: file:///home/muhammed-emin-eser/.local/share/nvim/lazy/LazyVim/lua/lazyvim/plugins/extras/lang/r.lua , size = 2.423 KB
[11:08:26.573][info] [#0:script/workspace/loading.lua:112]: ++++As library of:	file:///home/muhammed-emin-eser/.local/share/nvim/lazy/LazyVim/lua
[11:08:26.573][info] [#0:script/workspace/loading.lua:100]: Preload file at: file:///home/muhammed-emin-eser/.local/share/nvim/lazy/LazyVim/lua/lazyvim/plugins/extras/lang/cmake.lua , size = 1.384 KB
[11:08:26.573][info] [#0:script/workspace/loading.lua:112]: ++++As library of:	file:///home/muhammed-emin-eser/.local/share/nvim/lazy/LazyVim/lua
[11:08:26.573][info] [#0:script/workspace/loading.lua:100]: Preload file at: file:///home/muhammed-emin-eser/.local/share/nvim/lazy/LazyVim/lua/lazyvim/plugins/extras/lang/yaml.lua , size = 1.602 KB
[11:08:26.574][info] [#0:script/workspace/loading.lua:112]: ++++As library of:	file:///home/muhammed-emin-eser/.local/share/nvim/lazy/LazyVim/lua
[11:08:26.574][info] [#0:script/workspace/loading.lua:100]: Preload file at: file:///home/muhammed-emin-eser/.local/share/nvim/lazy/LazyVim/lua/lazyvim/plugins/extras/lang/clojure.lua , size = 2.804 KB
[11:08:26.575][info] [#0:script/workspace/loading.lua:112]: ++++As library of:	file:///home/muhammed-emin-eser/.local/share/nvim/lazy/LazyVim/lua
[11:08:26.575][info] [#0:script/workspace/loading.lua:100]: Preload file at: file:///home/muhammed-emin-eser/.local/share/nvim/lazy/LazyVim/lua/lazyvim/plugins/extras/lang/markdown.lua , size = 2.826 KB
[11:08:26.577][info] [#0:script/workspace/loading.lua:112]: ++++As library of:	file:///home/muhammed-emin-eser/.local/share/nvim/lazy/LazyVim/lua
[11:08:26.577][info] [#0:script/workspace/loading.lua:100]: Preload file at: file:///home/muhammed-emin-eser/.local/share/nvim/lazy/LazyVim/lua/lazyvim/plugins/extras/lang/php.lua , size = 1.968 KB
[11:08:26.578][info] [#0:script/workspace/loading.lua:112]: ++++As library of:	file:///home/muhammed-emin-eser/.local/share/nvim/lazy/LazyVim/lua
[11:08:26.578][info] [#0:script/workspace/loading.lua:100]: Preload file at: file:///home/muhammed-emin-eser/.local/share/nvim/lazy/LazyVim/lua/lazyvim/plugins/extras/lang/svelte.lua , size = 1.185 KB
[11:08:26.579][info] [#0:script/workspace/loading.lua:112]: ++++As library of:	file:///home/muhammed-emin-eser/.local/share/nvim/lazy/LazyVim/lua
[11:08:26.579][info] [#0:script/workspace/loading.lua:100]: Preload file at: file:///home/muhammed-emin-eser/.local/share/nvim/lazy/LazyVim/lua/lazyvim/plugins/extras/lang/typescript/oxc.lua , size = 1.146 KB
[11:08:26.579][info] [#0:script/workspace/loading.lua:112]: ++++As library of:	file:///home/muhammed-emin-eser/.local/share/nvim/lazy/LazyVim/lua
[11:08:26.579][info] [#0:script/workspace/loading.lua:100]: Preload file at: file:///home/muhammed-emin-eser/.local/share/nvim/lazy/LazyVim/lua/lazyvim/plugins/extras/lang/typescript/vtsls.lua , size = 5.658 KB
[11:08:26.581][info] [#0:script/workspace/loading.lua:112]: ++++As library of:	file:///home/muhammed-emin-eser/.local/share/nvim/lazy/LazyVim/lua
[11:08:26.581][info] [#0:script/workspace/loading.lua:100]: Preload file at: file:///home/muhammed-emin-eser/.local/share/nvim/lazy/LazyVim/lua/lazyvim/plugins/extras/lang/typescript/init.lua , size = 5.073 KB
[11:08:26.583][info] [#0:script/workspace/loading.lua:112]: ++++As library of:	file:///home/muhammed-emin-eser/.local/share/nvim/lazy/LazyVim/lua
[11:08:26.583][info] [#0:script/workspace/loading.lua:100]: Preload file at: file:///home/muhammed-emin-eser/.local/share/nvim/lazy/LazyVim/lua/lazyvim/plugins/extras/lang/typescript/tsgo.lua , size = 1.483 KB
[11:08:26.584][info] [#0:script/workspace/loading.lua:112]: ++++As library of:	file:///home/muhammed-emin-eser/.local/share/nvim/lazy/LazyVim/lua
[11:08:26.584][info] [#0:script/workspace/loading.lua:100]: Preload file at: file:///home/muhammed-emin-eser/.local/share/nvim/lazy/LazyVim/lua/lazyvim/plugins/extras/lang/typescript/biome.lua , size = 1.468 KB
[11:08:26.585][info] [#0:script/workspace/loading.lua:112]: ++++As library of:	file:///home/muhammed-emin-eser/.local/share/nvim/lazy/LazyVim/lua
[11:08:26.585][info] [#0:script/workspace/loading.lua:100]: Preload file at: file:///home/muhammed-emin-eser/.local/share/nvim/lazy/LazyVim/lua/lazyvim/plugins/extras/lang/dotnet.lua , size = 3.011 KB
[11:08:26.587][info] [#0:script/workspace/loading.lua:112]: ++++As library of:	file:///home/muhammed-emin-eser/.local/share/nvim/lazy/LazyVim/lua
[11:08:26.587][info] [#0:script/workspace/loading.lua:100]: Preload file at: file:///home/muhammed-emin-eser/.local/share/nvim/lazy/LazyVim/lua/lazyvim/plugins/extras/lang/erlang.lua , size = 0.353 KB
[11:08:26.588][info] [#0:script/workspace/loading.lua:112]: ++++As library of:	file:///home/muhammed-emin-eser/.local/share/nvim/lazy/LazyVim/lua
[11:08:26.588][info] [#0:script/workspace/loading.lua:100]: Preload file at: file:///home/muhammed-emin-eser/.local/share/nvim/lazy/LazyVim/lua/lazyvim/plugins/extras/lang/elixir.lua , size = 2.653 KB
[11:08:26.589][info] [#0:script/workspace/loading.lua:112]: ++++As library of:	file:///home/muhammed-emin-eser/.local/share/nvim/lazy/LazyVim/lua
[11:08:26.589][info] [#0:script/workspace/loading.lua:100]: Preload file at: file:///home/muhammed-emin-eser/.local/share/nvim/lazy/LazyVim/lua/lazyvim/plugins/extras/lang/astro.lua , size = 1.289 KB
[11:08:26.590][info] [#0:script/workspace/loading.lua:112]: ++++As library of:	file:///home/muhammed-emin-eser/.local/share/nvim/lazy/LazyVim/lua
[11:08:26.590][info] [#0:script/workspace/loading.lua:100]: Preload file at: file:///home/muhammed-emin-eser/.local/share/nvim/lazy/LazyVim/lua/lazyvim/plugins/extras/lang/toml.lua , size = 0.207 KB
[11:08:26.590][info] [#0:script/workspace/loading.lua:112]: ++++As library of:	file:///home/muhammed-emin-eser/.local/share/nvim/lazy/LazyVim/lua
[11:08:26.590][info] [#0:script/workspace/loading.lua:100]: Preload file at: file:///home/muhammed-emin-eser/.local/share/nvim/lazy/LazyVim/lua/lazyvim/plugins/extras/lang/git.lua , size = 0.560 KB
[11:08:26.591][info] [#0:script/workspace/loading.lua:112]: ++++As library of:	file:///home/muhammed-emin-eser/.local/share/nvim/lazy/LazyVim/lua
[11:08:26.591][info] [#0:script/workspace/loading.lua:100]: Preload file at: file:///home/muhammed-emin-eser/.local/share/nvim/lazy/LazyVim/lua/lazyvim/plugins/extras/lang/tex.lua , size = 1.374 KB
[11:08:26.591][info] [#0:script/workspace/loading.lua:112]: ++++As library of:	file:///home/muhammed-emin-eser/.local/share/nvim/lazy/LazyVim/lua
[11:08:26.592][info] [#0:script/workspace/loading.lua:100]: Preload file at: file:///home/muhammed-emin-eser/.local/share/nvim/lazy/LazyVim/lua/lazyvim/plugins/extras/lang/clangd.lua , size = 3.961 KB
[11:08:26.593][info] [#0:script/workspace/loading.lua:112]: ++++As library of:	file:///home/muhammed-emin-eser/.local/share/nvim/lazy/LazyVim/lua
[11:08:26.593][info] [#0:script/workspace/loading.lua:100]: Preload file at: file:///home/muhammed-emin-eser/.local/share/nvim/lazy/LazyVim/lua/lazyvim/plugins/extras/lang/tailwind.lua , size = 2.246 KB
[11:08:26.594][info] [#0:script/workspace/loading.lua:112]: ++++As library of:	file:///home/muhammed-emin-eser/.local/share/nvim/lazy/LazyVim/lua
[11:08:26.594][info] [#0:script/workspace/loading.lua:100]: Preload file at: file:///home/muhammed-emin-eser/.local/share/nvim/lazy/LazyVim/lua/lazyvim/plugins/extras/lang/go.lua , size = 4.354 KB
[11:08:26.595][info] [#0:script/workspace/loading.lua:112]: ++++As library of:	file:///home/muhammed-emin-eser/.local/share/nvim/lazy/LazyVim/lua
[11:08:26.595][info] [#0:script/workspace/loading.lua:100]: Preload file at: file:///home/muhammed-emin-eser/.local/share/nvim/lazy/LazyVim/lua/lazyvim/plugins/extras/lang/rego.lua , size = 0.275 KB
[11:08:26.595][info] [#0:script/workspace/loading.lua:112]: ++++As library of:	file:///home/muhammed-emin-eser/.local/share/nvim/lazy/LazyVim/lua
[11:08:26.595][info] [#0:script/workspace/loading.lua:100]: Preload file at: file:///home/muhammed-emin-eser/.local/share/nvim/lazy/LazyVim/lua/lazyvim/plugins/extras/lang/docker.lua , size = 0.993 KB
[11:08:26.596][info] [#0:script/workspace/loading.lua:112]: ++++As library of:	file:///home/muhammed-emin-eser/.local/share/nvim/lazy/LazyVim/lua
[11:08:26.596][info] [#0:script/workspace/loading.lua:100]: Preload file at: file:///home/muhammed-emin-eser/.local/share/nvim/lazy/LazyVim/lua/lazyvim/plugins/extras/lang/lean.lua , size = 4.225 KB
[11:08:26.597][info] [#0:script/workspace/loading.lua:112]: ++++As library of:	file:///home/muhammed-emin-eser/.local/share/nvim/lazy/LazyVim/lua
[11:08:26.597][info] [#0:script/workspace/loading.lua:100]: Preload file at: file:///home/muhammed-emin-eser/.local/share/nvim/lazy/LazyVim/lua/lazyvim/plugins/extras/lang/twig.lua , size = 1.057 KB
[11:08:26.598][info] [#0:script/workspace/loading.lua:112]: ++++As library of:	file:///home/muhammed-emin-eser/.local/share/nvim/lazy/LazyVim/lua
[11:08:26.598][info] [#0:script/workspace/loading.lua:100]: Preload file at: file:///home/muhammed-emin-eser/.local/share/nvim/lazy/LazyVim/lua/lazyvim/plugins/extras/lang/nushell.lua , size = 0.242 KB
[11:08:26.598][info] [#0:script/workspace/loading.lua:112]: ++++As library of:	file:///home/muhammed-emin-eser/.local/share/nvim/lazy/LazyVim/lua
[11:08:26.598][info] [#0:script/workspace/loading.lua:100]: Preload file at: file:///home/muhammed-emin-eser/.local/share/nvim/lazy/LazyVim/lua/lazyvim/plugins/extras/lang/terraform.lua , size = 1.915 KB
[11:08:26.599][info] [#0:script/workspace/loading.lua:112]: ++++As library of:	file:///home/muhammed-emin-eser/.local/share/nvim/lazy/LazyVim/lua
[11:08:26.599][info] [#0:script/workspace/loading.lua:100]: Preload file at: file:///home/muhammed-emin-eser/.local/share/nvim/lazy/LazyVim/lua/lazyvim/plugins/extras/lang/json.lua , size = 1.062 KB
[11:08:26.600][info] [#0:script/workspace/loading.lua:112]: ++++As library of:	file:///home/muhammed-emin-eser/.local/share/nvim/lazy/LazyVim/lua
[11:08:26.600][info] [#0:script/workspace/loading.lua:100]: Preload file at: file:///home/muhammed-emin-eser/.local/share/nvim/lazy/LazyVim/lua/lazyvim/plugins/extras/lang/vue.lua , size = 1.013 KB
[11:08:26.601][info] [#0:script/workspace/loading.lua:112]: ++++As library of:	file:///home/muhammed-emin-eser/.local/share/nvim/lazy/LazyVim/lua
[11:08:26.601][info] [#0:script/workspace/loading.lua:100]: Preload file at: file:///home/muhammed-emin-eser/.local/share/nvim/lazy/LazyVim/lua/lazyvim/plugins/extras/lang/elm.lua , size = 0.507 KB
[11:08:26.601][info] [#0:script/workspace/loading.lua:112]: ++++As library of:	file:///home/muhammed-emin-eser/.local/share/nvim/lazy/LazyVim/lua
[11:08:26.601][info] [#0:script/workspace/loading.lua:100]: Preload file at: file:///home/muhammed-emin-eser/.local/share/nvim/lazy/LazyVim/lua/lazyvim/plugins/extras/lang/sql.lua , size = 4.774 KB
[11:08:26.604][info] [#0:script/workspace/loading.lua:112]: ++++As library of:	file:///home/muhammed-emin-eser/.local/share/nvim/lazy/LazyVim/lua
[11:08:26.604][info] [#0:script/workspace/loading.lua:100]: Preload file at: file:///home/muhammed-emin-eser/.local/share/nvim/lazy/LazyVim/lua/lazyvim/plugins/extras/lang/ocaml.lua , size = 1.064 KB
[11:08:26.604][info] [#0:script/workspace/loading.lua:112]: ++++As library of:	file:///home/muhammed-emin-eser/.local/share/nvim/lazy/LazyVim/lua
[11:08:26.604][info] [#0:script/workspace/loading.lua:100]: Preload file at: file:///home/muhammed-emin-eser/.local/share/nvim/lazy/LazyVim/lua/lazyvim/plugins/extras/ui/treesitter-context.lua , size = 0.464 KB
[11:08:26.605][info] [#0:script/workspace/loading.lua:112]: ++++As library of:	file:///home/muhammed-emin-eser/.local/share/nvim/lazy/LazyVim/lua
[11:08:26.605][info] [#0:script/workspace/loading.lua:100]: Preload file at: file:///home/muhammed-emin-eser/.local/share/nvim/lazy/LazyVim/lua/lazyvim/plugins/extras/ui/dashboard-nvim.lua , size = 3.694 KB
[11:08:26.607][info] [#0:script/workspace/loading.lua:112]: ++++As library of:	file:///home/muhammed-emin-eser/.local/share/nvim/lazy/LazyVim/lua
[11:08:26.607][info] [#0:script/workspace/loading.lua:100]: Preload file at: file:///home/muhammed-emin-eser/.local/share/nvim/lazy/LazyVim/lua/lazyvim/plugins/extras/ui/indent-blankline.lua , size = 1.115 KB
[11:08:26.607][info] [#0:script/workspace/loading.lua:112]: ++++As library of:	file:///home/muhammed-emin-eser/.local/share/nvim/lazy/LazyVim/lua
[11:08:26.607][info] [#0:script/workspace/loading.lua:100]: Preload file at: file:///home/muhammed-emin-eser/.local/share/nvim/lazy/LazyVim/lua/lazyvim/plugins/extras/ui/smear-cursor.lua , size = 0.388 KB
[11:08:26.608][info] [#0:script/workspace/loading.lua:112]: ++++As library of:	file:///home/muhammed-emin-eser/.local/share/nvim/lazy/LazyVim/lua
[11:08:26.608][info] [#0:script/workspace/loading.lua:100]: Preload file at: file:///home/muhammed-emin-eser/.local/share/nvim/lazy/LazyVim/lua/lazyvim/plugins/extras/ui/mini-animate.lua , size = 1.983 KB
[11:08:26.609][info] [#0:script/workspace/loading.lua:112]: ++++As library of:	file:///home/muhammed-emin-eser/.local/share/nvim/lazy/LazyVim/lua
[11:08:26.609][info] [#0:script/workspace/loading.lua:100]: Preload file at: file:///home/muhammed-emin-eser/.local/share/nvim/lazy/LazyVim/lua/lazyvim/plugins/extras/ui/alpha.lua , size = 3.605 KB
[11:08:26.610][info] [#0:script/workspace/loading.lua:112]: ++++As library of:	file:///home/muhammed-emin-eser/.local/share/nvim/lazy/LazyVim/lua
[11:08:26.610][info] [#0:script/workspace/loading.lua:100]: Preload file at: file:///home/muhammed-emin-eser/.local/share/nvim/lazy/LazyVim/lua/lazyvim/plugins/extras/ui/mini-indentscope.lua , size = 1.560 KB
[11:08:26.611][info] [#0:script/workspace/loading.lua:112]: ++++As library of:	file:///home/muhammed-emin-eser/.local/share/nvim/lazy/LazyVim/lua
[11:08:26.611][info] [#0:script/workspace/loading.lua:100]: Preload file at: file:///home/muhammed-emin-eser/.local/share/nvim/lazy/LazyVim/lua/lazyvim/plugins/extras/ui/mini-starter.lua , size = 3.729 KB
[11:08:26.612][info] [#0:script/workspace/loading.lua:112]: ++++As library of:	file:///home/muhammed-emin-eser/.local/share/nvim/lazy/LazyVim/lua
[11:08:26.612][info] [#0:script/workspace/loading.lua:100]: Preload file at: file:///home/muhammed-emin-eser/.local/share/nvim/lazy/LazyVim/lua/lazyvim/plugins/extras/ui/edgy.lua , size = 5.924 KB
[11:08:26.614][info] [#0:script/workspace/loading.lua:112]: ++++As library of:	file:///home/muhammed-emin-eser/.local/share/nvim/lazy/LazyVim/lua
[11:08:26.614][info] [#0:script/workspace/loading.lua:100]: Preload file at: file:///home/muhammed-emin-eser/.local/share/nvim/lazy/LazyVim/lua/lazyvim/plugins/extras/vscode.lua , size = 2.303 KB
[11:08:26.616][info] [#0:script/workspace/loading.lua:112]: ++++As library of:	file:///home/muhammed-emin-eser/.local/share/nvim/lazy/LazyVim/lua
[11:08:26.616][info] [#0:script/workspace/loading.lua:100]: Preload file at: file:///home/muhammed-emin-eser/.local/share/nvim/lazy/LazyVim/lua/lazyvim/plugins/extras/ai/claudecode.lua , size = 0.886 KB
[11:08:26.616][info] [#0:script/workspace/loading.lua:112]: ++++As library of:	file:///home/muhammed-emin-eser/.local/share/nvim/lazy/LazyVim/lua
[11:08:26.616][info] [#0:script/workspace/loading.lua:100]: Preload file at: file:///home/muhammed-emin-eser/.local/share/nvim/lazy/LazyVim/lua/lazyvim/plugins/extras/ai/avante.lua , size = 2.462 KB
[11:08:26.617][info] [#0:script/workspace/loading.lua:112]: ++++As library of:	file:///home/muhammed-emin-eser/.local/share/nvim/lazy/LazyVim/lua
[11:08:26.617][info] [#0:script/workspace/loading.lua:100]: Preload file at: file:///home/muhammed-emin-eser/.local/share/nvim/lazy/LazyVim/lua/lazyvim/plugins/extras/ai/copilot.lua , size = 3.182 KB
[11:08:26.618][info] [#0:script/workspace/loading.lua:112]: ++++As library of:	file:///home/muhammed-emin-eser/.local/share/nvim/lazy/LazyVim/lua
[11:08:26.618][info] [#0:script/workspace/loading.lua:100]: Preload file at: file:///home/muhammed-emin-eser/.local/share/nvim/lazy/LazyVim/lua/lazyvim/plugins/extras/ai/copilot-chat.lua , size = 2.546 KB
[11:08:26.619][info] [#0:script/workspace/loading.lua:112]: ++++As library of:	file:///home/muhammed-emin-eser/.local/share/nvim/lazy/LazyVim/lua
[11:08:26.619][info] [#0:script/workspace/loading.lua:100]: Preload file at: file:///home/muhammed-emin-eser/.local/share/nvim/lazy/LazyVim/lua/lazyvim/plugins/extras/ai/supermaven.lua , size = 2.188 KB
[11:08:26.620][info] [#0:script/workspace/loading.lua:112]: ++++As library of:	file:///home/muhammed-emin-eser/.local/share/nvim/lazy/LazyVim/lua
[11:08:26.620][info] [#0:script/workspace/loading.lua:100]: Preload file at: file:///home/muhammed-emin-eser/.local/share/nvim/lazy/LazyVim/lua/lazyvim/plugins/extras/ai/copilot-native.lua , size = 2.705 KB
[11:08:26.622][info] [#0:script/workspace/loading.lua:112]: ++++As library of:	file:///home/muhammed-emin-eser/.local/share/nvim/lazy/LazyVim/lua
[11:08:26.622][info] [#0:script/workspace/loading.lua:100]: Preload file at: file:///home/muhammed-emin-eser/.local/share/nvim/lazy/LazyVim/lua/lazyvim/plugins/extras/ai/tabnine.lua , size = 1.509 KB
[11:08:26.635][info] [#0:script/workspace/loading.lua:112]: ++++As library of:	file:///home/muhammed-emin-eser/.local/share/nvim/lazy/LazyVim/lua
[11:08:26.635][info] [#0:script/workspace/loading.lua:100]: Preload file at: file:///home/muhammed-emin-eser/.local/share/nvim/lazy/LazyVim/lua/lazyvim/plugins/extras/ai/codeium.lua , size = 1.620 KB
[11:08:26.636][info] [#0:script/workspace/loading.lua:112]: ++++As library of:	file:///home/muhammed-emin-eser/.local/share/nvim/lazy/LazyVim/lua
[11:08:26.636][info] [#0:script/workspace/loading.lua:100]: Preload file at: file:///home/muhammed-emin-eser/.local/share/nvim/lazy/LazyVim/lua/lazyvim/plugins/extras/ai/sidekick.lua , size = 4.251 KB
[11:08:26.638][info] [#0:script/workspace/loading.lua:112]: ++++As library of:	file:///home/muhammed-emin-eser/.local/share/nvim/lazy/LazyVim/lua
[11:08:26.638][info] [#0:script/workspace/loading.lua:100]: Preload file at: file:///home/muhammed-emin-eser/.local/share/nvim/lazy/LazyVim/lua/lazyvim/plugins/extras/editor/neo-tree.lua , size = 3.901 KB
[11:08:26.639][info] [#0:script/workspace/loading.lua:112]: ++++As library of:	file:///home/muhammed-emin-eser/.local/share/nvim/lazy/LazyVim/lua
[11:08:26.639][info] [#0:script/workspace/loading.lua:100]: Preload file at: file:///home/muhammed-emin-eser/.local/share/nvim/lazy/LazyVim/lua/lazyvim/plugins/extras/editor/outline.lua , size = 1.504 KB
[11:08:26.640][info] [#0:script/workspace/loading.lua:112]: ++++As library of:	file:///home/muhammed-emin-eser/.local/share/nvim/lazy/LazyVim/lua
[11:08:26.640][info] [#0:script/workspace/loading.lua:100]: Preload file at: file:///home/muhammed-emin-eser/.local/share/nvim/lazy/LazyVim/lua/lazyvim/plugins/extras/editor/mini-files.lua , size = 3.417 KB
[11:08:26.642][info] [#0:script/workspace/loading.lua:112]: ++++As library of:	file:///home/muhammed-emin-eser/.local/share/nvim/lazy/LazyVim/lua
[11:08:26.642][info] [#0:script/workspace/loading.lua:100]: Preload file at: file:///home/muhammed-emin-eser/.local/share/nvim/lazy/LazyVim/lua/lazyvim/plugins/extras/editor/refactoring.lua , size = 3.869 KB
[11:08:26.643][info] [#0:script/workspace/loading.lua:112]: ++++As library of:	file:///home/muhammed-emin-eser/.local/share/nvim/lazy/LazyVim/lua
[11:08:26.643][info] [#0:script/workspace/loading.lua:100]: Preload file at: file:///home/muhammed-emin-eser/.local/share/nvim/lazy/LazyVim/lua/lazyvim/plugins/extras/editor/harpoon2.lua , size = 0.805 KB
[11:08:26.644][info] [#0:script/workspace/loading.lua:112]: ++++As library of:	file:///home/muhammed-emin-eser/.local/share/nvim/lazy/LazyVim/lua
[11:08:26.644][info] [#0:script/workspace/loading.lua:100]: Preload file at: file:///home/muhammed-emin-eser/.local/share/nvim/lazy/LazyVim/lua/lazyvim/plugins/extras/editor/illuminate.lua , size = 1.599 KB
[11:08:26.645][info] [#0:script/workspace/loading.lua:112]: ++++As library of:	file:///home/muhammed-emin-eser/.local/share/nvim/lazy/LazyVim/lua
[11:08:26.645][info] [#0:script/workspace/loading.lua:100]: Preload file at: file:///home/muhammed-emin-eser/.local/share/nvim/lazy/LazyVim/lua/lazyvim/plugins/extras/editor/fzf.lua , size = 11.436 KB
[11:08:26.650][info] [#0:script/workspace/loading.lua:112]: ++++As library of:	file:///home/muhammed-emin-eser/.local/share/nvim/lazy/LazyVim/lua
[11:08:26.650][info] [#0:script/workspace/loading.lua:100]: Preload file at: file:///home/muhammed-emin-eser/.local/share/nvim/lazy/LazyVim/lua/lazyvim/plugins/extras/editor/inc-rename.lua , size = 0.856 KB
[11:08:26.651][info] [#0:script/workspace/loading.lua:112]: ++++As library of:	file:///home/muhammed-emin-eser/.local/share/nvim/lazy/LazyVim/lua
[11:08:26.651][info] [#0:script/workspace/loading.lua:100]: Preload file at: file:///home/muhammed-emin-eser/.local/share/nvim/lazy/LazyVim/lua/lazyvim/plugins/extras/editor/navic.lua , size = 0.892 KB
[11:08:26.651][info] [#0:script/workspace/loading.lua:112]: ++++As library of:	file:///home/muhammed-emin-eser/.local/share/nvim/lazy/LazyVim/lua
[11:08:26.651][info] [#0:script/workspace/loading.lua:100]: Preload file at: file:///home/muhammed-emin-eser/.local/share/nvim/lazy/LazyVim/lua/lazyvim/plugins/extras/editor/snacks_explorer.lua , size = 0.565 KB
[11:08:26.652][info] [#0:script/workspace/loading.lua:112]: ++++As library of:	file:///home/muhammed-emin-eser/.local/share/nvim/lazy/LazyVim/lua
[11:08:26.652][info] [#0:script/workspace/loading.lua:100]: Preload file at: file:///home/muhammed-emin-eser/.local/share/nvim/lazy/LazyVim/lua/lazyvim/plugins/extras/editor/aerial.lua , size = 3.464 KB
[11:08:26.654][info] [#0:script/workspace/loading.lua:112]: ++++As library of:	file:///home/muhammed-emin-eser/.local/share/nvim/lazy/LazyVim/lua
[11:08:26.654][info] [#0:script/workspace/loading.lua:100]: Preload file at: file:///home/muhammed-emin-eser/.local/share/nvim/lazy/LazyVim/lua/lazyvim/plugins/extras/editor/telescope.lua , size = 11.788 KB
[11:08:26.658][info] [#0:script/workspace/loading.lua:112]: ++++As library of:	file:///home/muhammed-emin-eser/.local/share/nvim/lazy/LazyVim/lua
[11:08:26.658][info] [#0:script/workspace/loading.lua:100]: Preload file at: file:///home/muhammed-emin-eser/.local/share/nvim/lazy/LazyVim/lua/lazyvim/plugins/extras/editor/mini-move.lua , size = 0.084 KB
[11:08:26.659][info] [#0:script/workspace/loading.lua:112]: ++++As library of:	file:///home/muhammed-emin-eser/.local/share/nvim/lazy/LazyVim/lua
[11:08:26.659][info] [#0:script/workspace/loading.lua:100]: Preload file at: file:///home/muhammed-emin-eser/.local/share/nvim/lazy/LazyVim/lua/lazyvim/plugins/extras/editor/leap.lua , size = 1.749 KB
[11:08:26.660][info] [#0:script/workspace/loading.lua:112]: ++++As library of:	file:///home/muhammed-emin-eser/.local/share/nvim/lazy/LazyVim/lua
[11:08:26.660][info] [#0:script/workspace/loading.lua:100]: Preload file at: file:///home/muhammed-emin-eser/.local/share/nvim/lazy/LazyVim/lua/lazyvim/plugins/extras/editor/snacks_picker.lua , size = 10.333 KB
[11:08:26.664][info] [#0:script/workspace/loading.lua:112]: ++++As library of:	file:///home/muhammed-emin-eser/.local/share/nvim/lazy/LazyVim/lua
[11:08:26.664][info] [#0:script/workspace/loading.lua:100]: Preload file at: file:///home/muhammed-emin-eser/.local/share/nvim/lazy/LazyVim/lua/lazyvim/plugins/extras/editor/dial.lua , size = 4.808 KB
[11:08:26.666][info] [#0:script/workspace/loading.lua:112]: ++++As library of:	file:///home/muhammed-emin-eser/.local/share/nvim/lazy/LazyVim/lua
[11:08:26.666][info] [#0:script/workspace/loading.lua:100]: Preload file at: file:///home/muhammed-emin-eser/.local/share/nvim/lazy/LazyVim/lua/lazyvim/plugins/extras/editor/overseer.lua , size = 1.706 KB
[11:08:26.666][info] [#0:script/workspace/loading.lua:112]: ++++As library of:	file:///home/muhammed-emin-eser/.local/share/nvim/lazy/LazyVim/lua
[11:08:26.667][info] [#0:script/workspace/loading.lua:100]: Preload file at: file:///home/muhammed-emin-eser/.local/share/nvim/lazy/LazyVim/lua/lazyvim/plugins/extras/editor/mini-diff.lua , size = 1.621 KB
[11:08:26.667][info] [#0:script/workspace/loading.lua:112]: ++++As library of:	file:///home/muhammed-emin-eser/.local/share/nvim/lazy/LazyVim/lua
[11:08:26.667][info] [#0:script/workspace/loading.lua:100]: Preload file at: file:///home/muhammed-emin-eser/.local/share/nvim/lazy/LazyVim/lua/lazyvim/plugins/extras/lsp/none-ls.lua , size = 1.348 KB
[11:08:26.668][info] [#0:script/workspace/loading.lua:112]: ++++As library of:	file:///home/muhammed-emin-eser/.local/share/nvim/lazy/LazyVim/lua
[11:08:26.668][info] [#0:script/workspace/loading.lua:100]: Preload file at: file:///home/muhammed-emin-eser/.local/share/nvim/lazy/LazyVim/lua/lazyvim/plugins/extras/lsp/neoconf.lua , size = 0.164 KB
[11:08:26.668][info] [#0:script/workspace/loading.lua:112]: ++++As library of:	file:///home/muhammed-emin-eser/.local/share/nvim/lazy/LazyVim/lua
[11:08:26.668][info] [#0:script/workspace/loading.lua:100]: Preload file at: file:///home/muhammed-emin-eser/.local/share/nvim/lazy/LazyVim/lua/lazyvim/plugins/extras/coding/luasnip.lua , size = 1.955 KB
[11:08:26.669][info] [#0:script/workspace/loading.lua:112]: ++++As library of:	file:///home/muhammed-emin-eser/.local/share/nvim/lazy/LazyVim/lua
[11:08:26.669][info] [#0:script/workspace/loading.lua:100]: Preload file at: file:///home/muhammed-emin-eser/.local/share/nvim/lazy/LazyVim/lua/lazyvim/plugins/extras/coding/mini-surround.lua , size = 1.419 KB
[11:08:26.670][info] [#0:script/workspace/loading.lua:112]: ++++As library of:	file:///home/muhammed-emin-eser/.local/share/nvim/lazy/LazyVim/lua
[11:08:26.670][info] [#0:script/workspace/loading.lua:100]: Preload file at: file:///home/muhammed-emin-eser/.local/share/nvim/lazy/LazyVim/lua/lazyvim/plugins/extras/coding/mini-comment.lua , size = 0.405 KB
[11:08:26.670][info] [#0:script/workspace/loading.lua:112]: ++++As library of:	file:///home/muhammed-emin-eser/.local/share/nvim/lazy/LazyVim/lua
[11:08:26.670][info] [#0:script/workspace/loading.lua:100]: Preload file at: file:///home/muhammed-emin-eser/.local/share/nvim/lazy/LazyVim/lua/lazyvim/plugins/extras/coding/blink.lua , size = 6.137 KB
[11:08:26.673][info] [#0:script/workspace/loading.lua:112]: ++++As library of:	file:///home/muhammed-emin-eser/.local/share/nvim/lazy/LazyVim/lua
[11:08:26.673][info] [#0:script/workspace/loading.lua:100]: Preload file at: file:///home/muhammed-emin-eser/.local/share/nvim/lazy/LazyVim/lua/lazyvim/plugins/extras/coding/yanky.lua , size = 2.212 KB
[11:08:26.674][info] [#0:script/workspace/loading.lua:112]: ++++As library of:	file:///home/muhammed-emin-eser/.local/share/nvim/lazy/LazyVim/lua
[11:08:26.674][info] [#0:script/workspace/loading.lua:100]: Preload file at: file:///home/muhammed-emin-eser/.local/share/nvim/lazy/LazyVim/lua/lazyvim/plugins/extras/coding/neogen.lua , size = 0.730 KB
[11:08:26.674][info] [#0:script/workspace/loading.lua:112]: ++++As library of:	file:///home/muhammed-emin-eser/.local/share/nvim/lazy/LazyVim/lua
[11:08:26.674][info] [#0:script/workspace/loading.lua:100]: Preload file at: file:///home/muhammed-emin-eser/.local/share/nvim/lazy/LazyVim/lua/lazyvim/plugins/extras/coding/mini-snippets.lua , size = 5.800 KB
[11:08:26.676][info] [#0:script/workspace/loading.lua:112]: ++++As library of:	file:///home/muhammed-emin-eser/.local/share/nvim/lazy/LazyVim/lua
[11:08:26.676][info] [#0:script/workspace/loading.lua:100]: Preload file at: file:///home/muhammed-emin-eser/.local/share/nvim/lazy/LazyVim/lua/lazyvim/plugins/extras/coding/nvim-cmp.lua , size = 3.845 KB
[11:08:26.677][info] [#0:script/workspace/loading.lua:112]: ++++As library of:	file:///home/muhammed-emin-eser/.local/share/nvim/lazy/LazyVim/lua
[11:08:26.677][info] [#0:script/workspace/loading.lua:100]: Preload file at: file:///home/muhammed-emin-eser/.local/share/nvim/lazy/LazyVim/lua/lazyvim/plugins/extras/util/gh.lua , size = 2.351 KB
[11:08:26.678][info] [#0:script/workspace/loading.lua:112]: ++++As library of:	file:///home/muhammed-emin-eser/.local/share/nvim/lazy/LazyVim/lua
[11:08:26.678][info] [#0:script/workspace/loading.lua:100]: Preload file at: file:///home/muhammed-emin-eser/.local/share/nvim/lazy/LazyVim/lua/lazyvim/plugins/extras/util/startuptime.lua , size = 0.146 KB
[11:08:26.678][info] [#0:script/workspace/loading.lua:112]: ++++As library of:	file:///home/muhammed-emin-eser/.local/share/nvim/lazy/LazyVim/lua
[11:08:26.678][info] [#0:script/workspace/loading.lua:100]: Preload file at: file:///home/muhammed-emin-eser/.local/share/nvim/lazy/LazyVim/lua/lazyvim/plugins/extras/util/mini-hipatterns.lua , size = 8.484 KB
[11:08:26.682][info] [#0:script/workspace/loading.lua:112]: ++++As library of:	file:///home/muhammed-emin-eser/.local/share/nvim/lazy/LazyVim/lua
[11:08:26.682][info] [#0:script/workspace/loading.lua:100]: Preload file at: file:///home/muhammed-emin-eser/.local/share/nvim/lazy/LazyVim/lua/lazyvim/plugins/extras/util/dot.lua , size = 1.398 KB
[11:08:26.683][info] [#0:script/workspace/loading.lua:112]: ++++As library of:	file:///home/muhammed-emin-eser/.local/share/nvim/lazy/LazyVim/lua
[11:08:26.683][info] [#0:script/workspace/loading.lua:100]: Preload file at: file:///home/muhammed-emin-eser/.local/share/nvim/lazy/LazyVim/lua/lazyvim/plugins/extras/util/octo.lua , size = 2.985 KB
[11:08:26.684][info] [#0:script/workspace/loading.lua:112]: ++++As library of:	file:///home/muhammed-emin-eser/.local/share/nvim/lazy/LazyVim/lua
[11:08:26.684][info] [#0:script/workspace/loading.lua:100]: Preload file at: file:///home/muhammed-emin-eser/.local/share/nvim/lazy/LazyVim/lua/lazyvim/plugins/extras/util/rest.lua , size = 1.754 KB
[11:08:26.685][info] [#0:script/workspace/loading.lua:112]: ++++As library of:	file:///home/muhammed-emin-eser/.local/share/nvim/lazy/LazyVim/lua
[11:08:26.685][info] [#0:script/workspace/loading.lua:100]: Preload file at: file:///home/muhammed-emin-eser/.local/share/nvim/lazy/LazyVim/lua/lazyvim/plugins/extras/util/gitui.lua , size = 0.782 KB
[11:08:26.686][info] [#0:script/workspace/loading.lua:112]: ++++As library of:	file:///home/muhammed-emin-eser/.local/share/nvim/lazy/LazyVim/lua
[11:08:26.686][info] [#0:script/workspace/loading.lua:100]: Preload file at: file:///home/muhammed-emin-eser/.local/share/nvim/lazy/LazyVim/lua/lazyvim/plugins/extras/util/project.lua , size = 4.759 KB
[11:08:26.688][info] [#0:script/workspace/loading.lua:112]: ++++As library of:	file:///home/muhammed-emin-eser/.local/share/nvim/lazy/LazyVim/lua
[11:08:26.688][info] [#0:script/workspace/loading.lua:100]: Preload file at: file:///home/muhammed-emin-eser/.local/share/nvim/lazy/LazyVim/lua/lazyvim/plugins/extras/util/chezmoi.lua , size = 4.157 KB
[11:08:26.690][info] [#0:script/workspace/loading.lua:112]: ++++As library of:	file:///home/muhammed-emin-eser/.local/share/nvim/lazy/LazyVim/lua
[11:08:26.690][info] [#0:script/workspace/loading.lua:100]: Preload file at: file:///home/muhammed-emin-eser/.local/share/nvim/lazy/LazyVim/lua/lazyvim/plugins/extras/formatting/black.lua , size = 0.513 KB
[11:08:26.690][info] [#0:script/workspace/loading.lua:112]: ++++As library of:	file:///home/muhammed-emin-eser/.local/share/nvim/lazy/LazyVim/lua
[11:08:26.690][info] [#0:script/workspace/loading.lua:100]: Preload file at: file:///home/muhammed-emin-eser/.local/share/nvim/lazy/LazyVim/lua/lazyvim/plugins/extras/formatting/prettier.lua , size = 2.484 KB
[11:08:26.714][info] [#0:script/workspace/loading.lua:112]: ++++As library of:	file:///home/muhammed-emin-eser/.local/share/nvim/lazy/LazyVim/lua
[11:08:26.714][info] [#0:script/workspace/loading.lua:100]: Preload file at: file:///home/muhammed-emin-eser/.local/share/nvim/lazy/LazyVim/lua/lazyvim/plugins/ui.lua , size = 12.521 KB
[11:08:26.719][info] [#0:script/workspace/loading.lua:112]: ++++As library of:	file:///home/muhammed-emin-eser/.local/share/nvim/lazy/LazyVim/lua
[11:08:26.719][info] [#0:script/workspace/loading.lua:100]: Preload file at: file:///home/muhammed-emin-eser/.local/share/nvim/lazy/LazyVim/lua/lazyvim/plugins/lsp/init.lua , size = 12.589 KB
[11:08:26.724][info] [#0:script/workspace/loading.lua:112]: ++++As library of:	file:///home/muhammed-emin-eser/.local/share/nvim/lazy/LazyVim/lua
[11:08:26.724][info] [#0:script/workspace/loading.lua:100]: Preload file at: file:///home/muhammed-emin-eser/.local/share/nvim/lazy/LazyVim/lua/lazyvim/plugins/lsp/keymaps.lua , size = 1.785 KB
[11:08:26.725][info] [#0:script/workspace/loading.lua:112]: ++++As library of:	file:///home/muhammed-emin-eser/.local/share/nvim/lazy/LazyVim/lua
[11:08:26.725][info] [#0:script/workspace/loading.lua:100]: Preload file at: file:///home/muhammed-emin-eser/.local/share/nvim/lazy/LazyVim/lua/lazyvim/plugins/xtras.lua , size = 2.148 KB
[11:08:26.726][info] [#0:script/workspace/loading.lua:112]: ++++As library of:	file:///home/muhammed-emin-eser/.local/share/nvim/lazy/LazyVim/lua
[11:08:26.726][info] [#0:script/workspace/loading.lua:100]: Preload file at: file:///home/muhammed-emin-eser/.local/share/nvim/lazy/LazyVim/lua/lazyvim/plugins/util.lua , size = 2.148 KB
[11:08:26.727][info] [#0:script/workspace/loading.lua:112]: ++++As library of:	file:///home/muhammed-emin-eser/.local/share/nvim/lazy/LazyVim/lua
[11:08:26.727][info] [#0:script/workspace/loading.lua:100]: Preload file at: file:///home/muhammed-emin-eser/.local/share/nvim/lazy/LazyVim/lua/lazyvim/plugins/linting.lua , size = 3.621 KB
[11:08:26.729][info] [#0:script/workspace/loading.lua:112]: ++++As library of:	file:///home/muhammed-emin-eser/.local/share/nvim/lazy/LazyVim/lua
[11:08:26.729][info] [#0:script/workspace/loading.lua:100]: Preload file at: file:///home/muhammed-emin-eser/.local/share/nvim/lazy/LazyVim/lua/lazyvim/plugins/colorscheme.lua , size = 1.379 KB
[11:08:26.730][info] [#0:script/workspace/loading.lua:112]: ++++As library of:	file:///home/muhammed-emin-eser/.local/share/nvim/lazy/LazyVim/lua
[11:08:26.730][info] [#0:script/workspace/loading.lua:100]: Preload file at: file:///home/muhammed-emin-eser/.local/share/nvim/lazy/LazyVim/lua/lazyvim/plugins/formatting.lua , size = 3.232 KB
[11:08:26.731][info] [#0:script/workspace/loading.lua:112]: ++++As library of:	file:///home/muhammed-emin-eser/.local/share/nvim/lazy/LazyVim/lua
[11:08:26.731][info] [#0:script/workspace/loading.lua:100]: Preload file at: file:///home/muhammed-emin-eser/.local/share/nvim/lazy/LazyVim/lua/lazyvim/plugins/treesitter.lua , size = 7.188 KB
[11:08:26.734][info] [#0:script/workspace/loading.lua:112]: ++++As library of:	file:///home/muhammed-emin-eser/.local/share/nvim/lazy/LazyVim/lua
[11:08:26.734][info] [#0:script/workspace/loading.lua:100]: Preload file at: file:///home/muhammed-emin-eser/.local/share/nvim/lazy/LazyVim/lua/lazyvim/config/init.lua , size = 12.667 KB
[11:08:26.738][info] [#0:script/workspace/loading.lua:112]: ++++As library of:	file:///home/muhammed-emin-eser/.local/share/nvim/lazy/LazyVim/lua
[11:08:26.738][info] [#0:script/workspace/loading.lua:100]: Preload file at: file:///home/muhammed-emin-eser/.local/share/nvim/lazy/LazyVim/lua/lazyvim/config/autocmds.lua , size = 3.326 KB
[11:08:26.740][info] [#0:script/workspace/loading.lua:112]: ++++As library of:	file:///home/muhammed-emin-eser/.local/share/nvim/lazy/LazyVim/lua
[11:08:26.740][info] [#0:script/workspace/loading.lua:100]: Preload file at: file:///home/muhammed-emin-eser/.local/share/nvim/lazy/LazyVim/lua/lazyvim/config/options.lua , size = 4.426 KB
[11:08:26.742][info] [#0:script/workspace/loading.lua:112]: ++++As library of:	file:///home/muhammed-emin-eser/.local/share/nvim/lazy/LazyVim/lua
[11:08:26.742][info] [#0:script/workspace/loading.lua:100]: Preload file at: file:///home/muhammed-emin-eser/.local/share/nvim/lazy/LazyVim/lua/lazyvim/config/keymaps.lua , size = 9.608 KB
[11:08:26.746][info] [#0:script/workspace/loading.lua:112]: ++++As library of:	file:///home/muhammed-emin-eser/.local/share/nvim/lazy/LazyVim/lua
[11:08:26.746][info] [#0:script/workspace/loading.lua:100]: Preload file at: file:///home/muhammed-emin-eser/.local/share/nvim/lazy/LazyVim/lua/lazyvim/util/pick.lua , size = 1.844 KB
[11:08:26.747][info] [#0:script/workspace/loading.lua:112]: ++++As library of:	file:///home/muhammed-emin-eser/.local/share/nvim/lazy/LazyVim/lua
[11:08:26.747][info] [#0:script/workspace/loading.lua:100]: Preload file at: file:///home/muhammed-emin-eser/.local/share/nvim/lazy/LazyVim/lua/lazyvim/util/init.lua , size = 9.730 KB
[11:08:26.751][info] [#0:script/workspace/loading.lua:112]: ++++As library of:	file:///home/muhammed-emin-eser/.local/share/nvim/lazy/LazyVim/lua
[11:08:26.751][info] [#0:script/workspace/loading.lua:100]: Preload file at: file:///home/muhammed-emin-eser/.local/share/nvim/lazy/LazyVim/lua/lazyvim/util/cmp.lua , size = 5.561 KB
[11:08:26.754][info] [#0:script/workspace/loading.lua:112]: ++++As library of:	file:///home/muhammed-emin-eser/.local/share/nvim/lazy/LazyVim/lua
[11:08:26.754][info] [#0:script/workspace/loading.lua:100]: Preload file at: file:///home/muhammed-emin-eser/.local/share/nvim/lazy/LazyVim/lua/lazyvim/util/extras.lua , size = 10.241 KB
[11:08:26.761][info] [#0:script/workspace/loading.lua:112]: ++++As library of:	file:///home/muhammed-emin-eser/.local/share/nvim/lazy/LazyVim/lua
[11:08:26.761][info] [#0:script/workspace/loading.lua:100]: Preload file at: file:///home/muhammed-emin-eser/.local/share/nvim/lazy/LazyVim/lua/lazyvim/util/news.lua , size = 2.299 KB
[11:08:26.762][info] [#0:script/workspace/loading.lua:112]: ++++As library of:	file:///home/muhammed-emin-eser/.local/share/nvim/lazy/LazyVim/lua
[11:08:26.762][info] [#0:script/workspace/loading.lua:100]: Preload file at: file:///home/muhammed-emin-eser/.local/share/nvim/lazy/LazyVim/lua/lazyvim/util/plugin.lua , size = 5.882 KB
[11:08:26.764][info] [#0:script/workspace/loading.lua:112]: ++++As library of:	file:///home/muhammed-emin-eser/.local/share/nvim/lazy/LazyVim/lua
[11:08:26.764][info] [#0:script/workspace/loading.lua:100]: Preload file at: file:///home/muhammed-emin-eser/.local/share/nvim/lazy/LazyVim/lua/lazyvim/util/lualine.lua , size = 5.316 KB
[11:08:26.767][info] [#0:script/workspace/loading.lua:112]: ++++As library of:	file:///home/muhammed-emin-eser/.local/share/nvim/lazy/LazyVim/lua
[11:08:26.767][info] [#0:script/workspace/loading.lua:100]: Preload file at: file:///home/muhammed-emin-eser/.local/share/nvim/lazy/LazyVim/lua/lazyvim/util/deprecated.lua , size = 2.176 KB
[11:08:26.769][info] [#0:script/workspace/loading.lua:112]: ++++As library of:	file:///home/muhammed-emin-eser/.local/share/nvim/lazy/LazyVim/lua
[11:08:26.769][info] [#0:script/workspace/loading.lua:100]: Preload file at: file:///home/muhammed-emin-eser/.local/share/nvim/lazy/LazyVim/lua/lazyvim/util/root.lua , size = 5.630 KB
[11:08:26.773][info] [#0:script/workspace/loading.lua:112]: ++++As library of:	file:///home/muhammed-emin-eser/.local/share/nvim/lazy/LazyVim/lua
[11:08:26.773][info] [#0:script/workspace/loading.lua:100]: Preload file at: file:///home/muhammed-emin-eser/.local/share/nvim/lazy/LazyVim/lua/lazyvim/util/terminal.lua , size = 1.179 KB
[11:08:26.798][info] [#0:script/workspace/loading.lua:112]: ++++As library of:	file:///home/muhammed-emin-eser/.local/share/nvim/lazy/LazyVim/lua
[11:08:26.798][info] [#0:script/workspace/loading.lua:100]: Preload file at: file:///home/muhammed-emin-eser/.local/share/nvim/lazy/LazyVim/lua/lazyvim/util/format.lua , size = 5.351 KB
[11:08:26.800][info] [#0:script/workspace/loading.lua:112]: ++++As library of:	file:///home/muhammed-emin-eser/.local/share/nvim/lazy/LazyVim/lua
[11:08:26.800][info] [#0:script/workspace/loading.lua:100]: Preload file at: file:///home/muhammed-emin-eser/.local/share/nvim/lazy/LazyVim/lua/lazyvim/util/inject.lua , size = 0.864 KB
[11:08:26.801][info] [#0:script/workspace/loading.lua:112]: ++++As library of:	file:///home/muhammed-emin-eser/.local/share/nvim/lazy/LazyVim/lua
[11:08:26.801][info] [#0:script/workspace/loading.lua:100]: Preload file at: file:///home/muhammed-emin-eser/.local/share/nvim/lazy/LazyVim/lua/lazyvim/util/json.lua , size = 3.443 KB
[11:08:26.803][info] [#0:script/workspace/loading.lua:112]: ++++As library of:	file:///home/muhammed-emin-eser/.local/share/nvim/lazy/LazyVim/lua
[11:08:26.803][info] [#0:script/workspace/loading.lua:100]: Preload file at: file:///home/muhammed-emin-eser/.local/share/nvim/lazy/LazyVim/lua/lazyvim/util/mini.lua , size = 4.214 KB
[11:08:26.805][info] [#0:script/workspace/loading.lua:112]: ++++As library of:	file:///home/muhammed-emin-eser/.local/share/nvim/lazy/LazyVim/lua
[11:08:26.805][info] [#0:script/workspace/loading.lua:100]: Preload file at: file:///home/muhammed-emin-eser/.local/share/nvim/lazy/LazyVim/lua/lazyvim/util/lsp.lua , size = 3.473 KB
[11:08:26.807][info] [#0:script/workspace/loading.lua:112]: ++++As library of:	file:///home/muhammed-emin-eser/.local/share/nvim/lazy/LazyVim/lua
[11:08:26.807][info] [#0:script/workspace/loading.lua:100]: Preload file at: file:///home/muhammed-emin-eser/.local/share/nvim/lazy/LazyVim/lua/lazyvim/util/treesitter.lua , size = 4.438 KB
[11:08:26.809][info] [#0:script/workspace/loading.lua:112]: ++++As library of:	file:///home/muhammed-emin-eser/.local/share/nvim/lazy/LazyVim/lua
[11:08:26.809][info] [#0:script/workspace/loading.lua:100]: Preload file at: file:///home/muhammed-emin-eser/dotfiles/nvim/nvim/init.lua , size = 2.252 KB
[11:08:26.810][info] [#0:script/workspace/loading.lua:97]: Skip loaded file: file:///home/muhammed-emin-eser/dotfiles/nvim/nvim/lua/plugins/swenv.lua
[11:08:26.810][info] [#0:script/workspace/loading.lua:97]: Skip loaded file: file:///home/muhammed-emin-eser/dotfiles/nvim/nvim/lua/plugins/extend-bufferline.lua
[11:08:26.934][info] [#0:script/workspace/loading.lua:97]: Skip loaded file: file:///home/muhammed-emin-eser/dotfiles/nvim/nvim/lua/plugins/breakpoints.lua
[11:08:26.934][info] [#0:script/workspace/loading.lua:97]: Skip loaded file: file:///home/muhammed-emin-eser/dotfiles/nvim/nvim/lua/plugins/rip-substitute.lua
[11:08:26.934][info] [#0:script/workspace/loading.lua:97]: Skip loaded file: file:///home/muhammed-emin-eser/dotfiles/nvim/nvim/lua/plugins/snacks.lua
[11:08:27.034][info] [#0:script/workspace/loading.lua:97]: Skip loaded file: file:///home/muhammed-emin-eser/dotfiles/nvim/nvim/lua/plugins/todo.lua
[11:08:27.034][info] [#0:script/workspace/loading.lua:97]: Skip loaded file: file:///home/muhammed-emin-eser/dotfiles/nvim/nvim/lua/plugins/excali.lua
[11:08:27.034][info] [#0:script/workspace/loading.lua:97]: Skip loaded file: file:///home/muhammed-emin-eser/dotfiles/nvim/nvim/lua/plugins/diff_buffer.lua
[11:08:27.135][info] [#0:script/workspace/loading.lua:97]: Skip loaded file: file:///home/muhammed-emin-eser/dotfiles/nvim/nvim/lua/plugins/noice.lua
[11:08:27.135][info] [#0:script/workspace/loading.lua:97]: Skip loaded file: file:///home/muhammed-emin-eser/dotfiles/nvim/nvim/lua/plugins/mermaid.lua
[11:08:27.135][info] [#0:script/workspace/loading.lua:97]: Skip loaded file: file:///home/muhammed-emin-eser/dotfiles/nvim/nvim/lua/plugins/example.lua
[11:08:27.235][info] [#0:script/workspace/loading.lua:97]: Skip loaded file: file:///home/muhammed-emin-eser/dotfiles/nvim/nvim/lua/plugins/gitignore.lua
[11:08:27.235][info] [#0:script/workspace/loading.lua:97]: Skip loaded file: file:///home/muhammed-emin-eser/dotfiles/nvim/nvim/lua/plugins/blink.lua
[11:08:27.236][info] [#0:script/workspace/loading.lua:97]: Skip loaded file: file:///home/muhammed-emin-eser/dotfiles/nvim/nvim/lua/plugins/dap.lua
[11:08:27.336][info] [#0:script/workspace/loading.lua:97]: Skip loaded file: file:///home/muhammed-emin-eser/dotfiles/nvim/nvim/lua/config/extend-mini-files.lua
[11:08:27.337][info] [#0:script/workspace/loading.lua:97]: Skip loaded file: file:///home/muhammed-emin-eser/dotfiles/nvim/nvim/lua/config/lazy.lua
[11:08:27.337][info] [#0:script/workspace/loading.lua:97]: Skip loaded file: file:///home/muhammed-emin-eser/dotfiles/nvim/nvim/lua/config/options.lua
[11:08:27.483][info] [#0:script/workspace/loading.lua:97]: Skip loaded file: file:///home/muhammed-emin-eser/dotfiles/nvim/nvim/lua/config/keymaps.lua
[11:08:27.483][info] [#0:script/workspace/loading.lua:97]: Skip loaded file: file:///home/muhammed-emin-eser/dotfiles/nvim/nvim/lua/config/ai_toggle.lua
[11:08:27.483][info] [#0:script/workspace/loading.lua:97]: Skip loaded file: file:///home/muhammed-emin-eser/dotfiles/nvim/nvim/lua/config/disable.lua
[11:08:27.583][info] [#0:script/workspace/loading.lua:100]: Preload file at: file:///home/muhammed-emin-eser/dotfiles/bu_dot/nvim/init.lua , size = 0.519 KB
[11:08:27.585][info] [#0:script/workspace/loading.lua:97]: Skip loaded file: file:///home/muhammed-emin-eser/dotfiles/nvim/nvim/lua/config/spider.lua
[11:08:27.585][info] [#0:script/workspace/loading.lua:100]: Preload file at: file:///home/muhammed-emin-eser/dotfiles/bu_dot/nvim/nvim/init.lua , size = 0.921 KB
[11:08:27.587][info] [#0:script/workspace/loading.lua:100]: Preload file at: file:///home/muhammed-emin-eser/dotfiles/bu_dot/nvim/nvim/lua/plugins/extend-bufferline.lua , size = 0.541 KB
[11:08:27.588][info] [#0:script/workspace/loading.lua:100]: Preload file at: file:///home/muhammed-emin-eser/dotfiles/bu_dot/nvim/nvim/lua/plugins/rip-substitute.lua , size = 0.211 KB
[11:08:27.589][info] [#0:script/workspace/loading.lua:100]: Preload file at: file:///home/muhammed-emin-eser/dotfiles/bu_dot/nvim/nvim/lua/plugins/snacks.lua , size = 0.197 KB
[11:08:27.589][info] [#0:script/workspace/loading.lua:100]: Preload file at: file:///home/muhammed-emin-eser/dotfiles/bu_dot/nvim/nvim/lua/plugins/noice.lua , size = 0.120 KB
[11:08:27.590][info] [#0:script/workspace/loading.lua:100]: Preload file at: file:///home/muhammed-emin-eser/dotfiles/bu_dot/nvim/nvim/lua/plugins/example.lua , size = 5.171 KB
[11:08:27.593][info] [#0:script/workspace/loading.lua:100]: Preload file at: file:///home/muhammed-emin-eser/dotfiles/bu_dot/nvim/nvim/lua/plugins/blink.lua , size = 0.410 KB
[11:08:27.594][info] [#0:script/workspace/loading.lua:100]: Preload file at: file:///home/muhammed-emin-eser/dotfiles/bu_dot/nvim/nvim/lua/plugins/gitignore.lua , size = 0.119 KB
[11:08:27.595][info] [#0:script/workspace/loading.lua:100]: Preload file at: file:///home/muhammed-emin-eser/dotfiles/bu_dot/nvim/nvim/lua/config/lazy.lua , size = 1.881 KB
[11:08:27.597][info] [#0:script/workspace/loading.lua:100]: Preload file at: file:///home/muhammed-emin-eser/dotfiles/bu_dot/nvim/nvim/lua/config/extend-mini-files.lua , size = 0.786 KB
[11:08:27.599][info] [#0:script/workspace/loading.lua:100]: Preload file at: file:///home/muhammed-emin-eser/dotfiles/bu_dot/nvim/nvim/lua/config/options.lua , size = 4.484 KB
[11:08:27.604][info] [#0:script/workspace/loading.lua:100]: Preload file at: file:///home/muhammed-emin-eser/dotfiles/bu_dot/nvim/nvim/lua/config/ai_toggle.lua , size = 0.654 KB
[11:08:27.605][info] [#0:script/workspace/loading.lua:100]: Preload file at: file:///home/muhammed-emin-eser/dotfiles/bu_dot/nvim/nvim/lua/config/keymaps.lua , size = 0.341 KB
[11:08:27.606][info] [#0:script/workspace/loading.lua:100]: Preload file at: file:///home/muhammed-emin-eser/dotfiles/bu_dot/nvim/nvim/lua/config/disable.lua , size = 0.242 KB
[11:08:27.606][info] [#0:script/workspace/loading.lua:100]: Preload file at: file:///home/muhammed-emin-eser/dotfiles/bu_dot/nvim/nvim/lua/config/spider.lua , size = 0.511 KB
[11:08:27.707][info] [#0:script/workspace/loading.lua:172]: Loaded files takes [2.144] sec: file:///home/muhammed-emin-eser/dotfiles
[11:08:27.707][info] [#0:script/workspace/loading.lua:181]: Compile files takes [0.000] sec: file:///home/muhammed-emin-eser/dotfiles
[11:08:27.707][info] [#0:script/workspace/loading.lua:182]: Loaded finish:	file:///home/muhammed-emin-eser/dotfiles
[11:08:27.707][info] [#0:script/workspace/workspace.lua:387]: Preload finish at:	file:///home/muhammed-emin-eser/dotfiles
[11:08:27.807][warn] [#0:script/proto/proto.lua:189]: Method [textDocument/didOpen] takes [2.470]sec. {
  jsonrpc = "2.0",
  method = "textDocument/didOpen",
  params = {
    textDocument = {
      languageId = "lua",
      text = '"***"',
      uri = "file:///home/muhammed-emin-eser/dotfiles/nvim/init.lua",
      version = 0
    }
  }
}
[11:08:27.893][info] [#0:script/provider/diagnostic.lua:560]: Diagnostics scope [file:///home/muhammed-emin-eser/dotfiles], files count:[384]
[11:08:28.005][warn] [#0:script/proto/proto.lua:189]: Method [textDocument/semanticTokens/full] takes [2.607]sec. {
  id = 12,
  jsonrpc = "2.0",
  method = "textDocument/semanticTokens/full",
  params = {
    textDocument = {
      uri = "file:///home/muhammed-emin-eser/dotfiles/nvim/init.lua"
    }
  }
}
[11:08:28.013][warn] [#0:script/proto/proto.lua:189]: Method [textDocument/inlayHint] takes [2.620]sec. {
  id = 7,
  jsonrpc = "2.0",
  method = "textDocument/inlayHint",
  params = {
    range = {
      end = {
        character = 0,
        line = 76
      },
      start = {
        character = 0,
        line = 0
      }
    },
    textDocument = {
      uri = "file:///home/muhammed-emin-eser/dotfiles/nvim/init.lua"
    }
  }
}
[11:08:28.013][warn] [#0:script/proto/proto.lua:189]: Method [textDocument/inlayHint] takes [2.619]sec. {
  id = 9,
  jsonrpc = "2.0",
  method = "textDocument/inlayHint",
  params = {
    range = {
      end = {
        character = 0,
        line = 76
      },
      start = {
        character = 0,
        line = 0
      }
    },
    textDocument = {
      uri = "file:///home/muhammed-emin-eser/dotfiles/nvim/init.lua"
    }
  }
}
[11:08:28.013][warn] [#0:script/proto/proto.lua:189]: Method [textDocument/inlayHint] takes [2.619]sec. {
  id = 11,
  jsonrpc = "2.0",
  method = "textDocument/inlayHint",
  params = {
    range = {
      end = {
        character = 0,
        line = 76
      },
      start = {
        character = 0,
        line = 0
      }
    },
    textDocument = {
      uri = "file:///home/muhammed-emin-eser/dotfiles/nvim/init.lua"
    }
  }
}
[11:08:28.013][warn] [#0:script/proto/proto.lua:189]: Method [textDocument/inlayHint] takes [2.615]sec. {
  id = 13,
  jsonrpc = "2.0",
  method = "textDocument/inlayHint",
  params = {
    range = {
      end = {
        character = 0,
        line = 76
      },
      start = {
        character = 0,
        line = 0
      }
    },
    textDocument = {
      uri = "file:///home/muhammed-emin-eser/dotfiles/nvim/init.lua"
    }
  }
}
[11:08:28.019][warn] [#0:script/proto/proto.lua:189]: Method [textDocument/documentSymbol] takes [2.663]sec. {
  id = 4,
  jsonrpc = "2.0",
  method = "textDocument/documentSymbol",
  params = {
    textDocument = {
      uri = "file:///home/muhammed-emin-eser/dotfiles/nvim/init.lua"
    }
  }
}
[11:08:28.024][warn] [#0:script/proto/proto.lua:189]: Method [textDocument/foldingRange] takes [2.661]sec. {
  id = 5,
  jsonrpc = "2.0",
  method = "textDocument/foldingRange",
  params = {
    textDocument = {
      uri = "file:///home/muhammed-emin-eser/dotfiles/nvim/init.lua"
    }
  }
}
[11:08:28.563][info] [#0:script/provider/diagnostic.lua:577]: Diagnostics scope [file:///home/muhammed-emin-eser/dotfiles] finished, takes [0.654] sec.
[11:08:30.777][info] [#0:script/provider/diagnostic.lua:171]: clearDiagnostics	file:///home/muhammed-emin-eser/dotfiles/nvim/init.lua
[11:08:47.332][info] [#0:script/workspace/workspace.lua:290]: Scan files at:	file:///home/muhammed-emin-eser/dotfiles/nvim/init.lua
[11:08:47.340][info] [#0:script/workspace/loading.lua:160]: Load files from disk:	file:///home/muhammed-emin-eser/dotfiles/nvim/init.lua
[11:08:47.340][info] [#0:script/workspace/loading.lua:88]: Skip loaded file: file:///home/muhammed-emin-eser/dotfiles/nvim/init.lua
[11:08:47.340][info] [#0:script/workspace/loading.lua:172]: Loaded files takes [0.000] sec: file:///home/muhammed-emin-eser/dotfiles/nvim/init.lua
[11:08:47.340][info] [#0:script/workspace/loading.lua:181]: Compile files takes [0.000] sec: file:///home/muhammed-emin-eser/dotfiles/nvim/init.lua
[11:08:47.340][info] [#0:script/workspace/loading.lua:182]: Loaded finish:	file:///home/muhammed-emin-eser/dotfiles/nvim/init.lua
[11:08:49.764][info] [#0:script/provider/diagnostic.lua:560]: Diagnostics scope [file:///home/muhammed-emin-eser/dotfiles], files count:[384]
[11:08:50.279][info] [#0:script/provider/diagnostic.lua:577]: Diagnostics scope [file:///home/muhammed-emin-eser/dotfiles] finished, takes [0.517] sec.
[11:09:34.310][info] [#0:script/workspace/workspace.lua:290]: Scan files at:	file:///home/muhammed-emin-eser/dotfiles/nvim/init.lua
[11:09:34.318][info] [#0:script/workspace/loading.lua:160]: Load files from disk:	file:///home/muhammed-emin-eser/dotfiles/nvim/init.lua
[11:09:34.318][info] [#0:script/workspace/loading.lua:88]: Skip loaded file: file:///home/muhammed-emin-eser/dotfiles/nvim/init.lua
[11:09:34.318][info] [#0:script/workspace/loading.lua:172]: Loaded files takes [0.000] sec: file:///home/muhammed-emin-eser/dotfiles/nvim/init.lua
[11:09:34.318][info] [#0:script/workspace/loading.lua:181]: Compile files takes [0.000] sec: file:///home/muhammed-emin-eser/dotfiles/nvim/init.lua
[11:09:34.318][info] [#0:script/workspace/loading.lua:182]: Loaded finish:	file:///home/muhammed-emin-eser/dotfiles/nvim/init.lua
[11:09:37.274][info] [#0:script/provider/diagnostic.lua:560]: Diagnostics scope [file:///home/muhammed-emin-eser/dotfiles], files count:[384]
[11:09:37.868][info] [#0:script/provider/diagnostic.lua:577]: Diagnostics scope [file:///home/muhammed-emin-eser/dotfiles] finished, takes [0.598] sec.
[11:10:01.272][info] [#0:script/workspace/workspace.lua:290]: Scan files at:	file:///home/muhammed-emin-eser/dotfiles/nvim/init.lua
[11:10:01.280][info] [#0:script/workspace/loading.lua:160]: Load files from disk:	file:///home/muhammed-emin-eser/dotfiles/nvim/init.lua
[11:10:01.280][info] [#0:script/workspace/loading.lua:88]: Skip loaded file: file:///home/muhammed-emin-eser/dotfiles/nvim/init.lua
[11:10:01.280][info] [#0:script/workspace/loading.lua:172]: Loaded files takes [0.000] sec: file:///home/muhammed-emin-eser/dotfiles/nvim/init.lua
[11:10:01.280][info] [#0:script/workspace/loading.lua:181]: Compile files takes [0.000] sec: file:///home/muhammed-emin-eser/dotfiles/nvim/init.lua
[11:10:01.280][info] [#0:script/workspace/loading.lua:182]: Loaded finish:	file:///home/muhammed-emin-eser/dotfiles/nvim/init.lua
[11:10:03.575][info] [#0:script/provider/diagnostic.lua:560]: Diagnostics scope [file:///home/muhammed-emin-eser/dotfiles], files count:[384]
[11:10:04.094][info] [#0:script/provider/diagnostic.lua:577]: Diagnostics scope [file:///home/muhammed-emin-eser/dotfiles] finished, takes [0.521] sec.
[11:10:52.887][info] [#0:script/provider/diagnostic.lua:171]: clearDiagnostics	file:///home/muhammed-emin-eser/dotfiles/nvim/init.lua
[11:10:56.279][info] [#0:script/workspace/workspace.lua:290]: Scan files at:	file:///home/muhammed-emin-eser/dotfiles/nvim/init.lua
[11:10:56.284][info] [#0:script/workspace/loading.lua:160]: Load files from disk:	file:///home/muhammed-emin-eser/dotfiles/nvim/init.lua
[11:10:56.284][info] [#0:script/workspace/loading.lua:88]: Skip loaded file: file:///home/muhammed-emin-eser/dotfiles/nvim/init.lua
[11:10:56.284][info] [#0:script/workspace/loading.lua:172]: Loaded files takes [0.000] sec: file:///home/muhammed-emin-eser/dotfiles/nvim/init.lua
[11:10:56.284][info] [#0:script/workspace/loading.lua:181]: Compile files takes [0.000] sec: file:///home/muhammed-emin-eser/dotfiles/nvim/init.lua
[11:10:56.284][info] [#0:script/workspace/loading.lua:182]: Loaded finish:	file:///home/muhammed-emin-eser/dotfiles/nvim/init.lua
[11:10:59.083][info] [#0:script/provider/diagnostic.lua:560]: Diagnostics scope [file:///home/muhammed-emin-eser/dotfiles], files count:[384]
[11:10:59.616][info] [#0:script/provider/diagnostic.lua:577]: Diagnostics scope [file:///home/muhammed-emin-eser/dotfiles] finished, takes [0.535] sec.
[11:12:13.495][info] [#0:script/provider/diagnostic.lua:560]: Diagnostics scope [file:///home/muhammed-emin-eser/dotfiles], files count:[384]
[11:12:14.021][info] [#0:script/provider/diagnostic.lua:577]: Diagnostics scope [file:///home/muhammed-emin-eser/dotfiles] finished, takes [0.530] sec.
[11:12:44.298][info] [#0:script/workspace/workspace.lua:290]: Scan files at:	file:///home/muhammed-emin-eser/dotfiles/nvim/init.lua
[11:12:44.406][info] [#0:script/workspace/loading.lua:160]: Load files from disk:	file:///home/muhammed-emin-eser/dotfiles/nvim/init.lua
[11:12:44.406][info] [#0:script/workspace/loading.lua:88]: Skip loaded file: file:///home/muhammed-emin-eser/dotfiles/nvim/init.lua
[11:12:44.406][info] [#0:script/workspace/loading.lua:172]: Loaded files takes [0.000] sec: file:///home/muhammed-emin-eser/dotfiles/nvim/init.lua
[11:12:44.406][info] [#0:script/workspace/loading.lua:181]: Compile files takes [0.000] sec: file:///home/muhammed-emin-eser/dotfiles/nvim/init.lua
[11:12:44.406][info] [#0:script/workspace/loading.lua:182]: Loaded finish:	file:///home/muhammed-emin-eser/dotfiles/nvim/init.lua
[11:18:24.446][info] [#0:script/service/service.lua:145]: 
========= Medical Examination Report =========
    --------------- Memory ---------------
        Total: 168.506 MB
        # 00 : 168.156 MB
        # 01 : 0.062 MB
        # 02 : 0.062 MB
        # 03 : 0.112 MB
        # 04 : 0.114 MB
    --------------- Coroutine ---------------
        Total:     14
        Running:   0
        Suspended: 0
        Normal:    0
        Dead:      14
    --------------- Cache ---------------
        Total: 1
        Dead:  0
    ---------------  RPC  ---------------
        Holdon:   0
        Waiting:  0
==============================================
[11:28:24.534][info] [#0:script/service/service.lua:145]: 
========= Medical Examination Report =========
    --------------- Memory ---------------
        Total: 168.510 MB
        # 00 : 168.161 MB
        # 01 : 0.062 MB
        # 02 : 0.062 MB
        # 03 : 0.112 MB
        # 04 : 0.114 MB
    --------------- Coroutine ---------------
        Total:     14
        Running:   0
        Suspended: 0
        Normal:    0
        Dead:      14
    --------------- Cache ---------------
        Total: 1
        Dead:  0
    ---------------  RPC  ---------------
        Holdon:   0
        Waiting:  0
==============================================
[11:38:24.623][info] [#0:script/service/service.lua:145]: 
========= Medical Examination Report =========
    --------------- Memory ---------------
        Total: 168.514 MB
        # 00 : 168.164 MB
        # 01 : 0.062 MB
        # 02 : 0.062 MB
        # 03 : 0.112 MB
        # 04 : 0.114 MB
    --------------- Coroutine ---------------
        Total:     14
        Running:   0
        Suspended: 0
        Normal:    0
        Dead:      14
    --------------- Cache ---------------
        Total: 1
        Dead:  0
    ---------------  RPC  ---------------
        Holdon:   0
        Waiting:  0
==============================================
[11:48:24.713][info] [#0:script/service/service.lua:145]: 
========= Medical Examination Report =========
    --------------- Memory ---------------
        Total: 168.518 MB
        # 00 : 168.168 MB
        # 01 : 0.062 MB
        # 02 : 0.062 MB
        # 03 : 0.112 MB
        # 04 : 0.114 MB
    --------------- Coroutine ---------------
        Total:     14
        Running:   0
        Suspended: 0
        Normal:    0
        Dead:      14
    --------------- Cache ---------------
        Total: 1
        Dead:  0
    ---------------  RPC  ---------------
        Holdon:   0
        Waiting:  0
==============================================
[11:58:24.802][info] [#0:script/service/service.lua:145]: 
========= Medical Examination Report =========
    --------------- Memory ---------------
        Total: 168.521 MB
        # 00 : 168.171 MB
        # 01 : 0.062 MB
        # 02 : 0.062 MB
        # 03 : 0.112 MB
        # 04 : 0.114 MB
    --------------- Coroutine ---------------
        Total:     14
        Running:   0
        Suspended: 0
        Normal:    0
        Dead:      14
    --------------- Cache ---------------
        Total: 1
        Dead:  0
    ---------------  RPC  ---------------
        Holdon:   0
        Waiting:  0
==============================================
[12:08:24.885][info] [#0:script/service/service.lua:145]: 
========= Medical Examination Report =========
    --------------- Memory ---------------
        Total: 168.525 MB
        # 00 : 168.175 MB
        # 01 : 0.062 MB
        # 02 : 0.062 MB
        # 03 : 0.112 MB
        # 04 : 0.114 MB
    --------------- Coroutine ---------------
        Total:     14
        Running:   0
        Suspended: 0
        Normal:    0
        Dead:      14
    --------------- Cache ---------------
        Total: 1
        Dead:  0
    ---------------  RPC  ---------------
        Holdon:   0
        Waiting:  0
==============================================
[12:18:24.971][info] [#0:script/service/service.lua:145]: 
========= Medical Examination Report =========
    --------------- Memory ---------------
        Total: 168.528 MB
        # 00 : 168.179 MB
        # 01 : 0.062 MB
        # 02 : 0.062 MB
        # 03 : 0.112 MB
        # 04 : 0.114 MB
    --------------- Coroutine ---------------
        Total:     14
        Running:   0
        Suspended: 0
        Normal:    0
        Dead:      14
    --------------- Cache ---------------
        Total: 1
        Dead:  0
    ---------------  RPC  ---------------
        Holdon:   0
        Waiting:  0
==============================================
[12:28:25.062][info] [#0:script/service/service.lua:145]: 
========= Medical Examination Report =========
    --------------- Memory ---------------
        Total: 168.532 MB
        # 00 : 168.182 MB
        # 01 : 0.062 MB
        # 02 : 0.062 MB
        # 03 : 0.112 MB
        # 04 : 0.114 MB
    --------------- Coroutine ---------------
        Total:     14
        Running:   0
        Suspended: 0
        Normal:    0
        Dead:      14
    --------------- Cache ---------------
        Total: 1
        Dead:  0
    ---------------  RPC  ---------------
        Holdon:   0
        Waiting:  0
==============================================
[12:38:25.154][info] [#0:script/service/service.lua:145]: 
========= Medical Examination Report =========
    --------------- Memory ---------------
        Total: 168.536 MB
        # 00 : 168.186 MB
        # 01 : 0.062 MB
        # 02 : 0.062 MB
        # 03 : 0.112 MB
        # 04 : 0.114 MB
    --------------- Coroutine ---------------
        Total:     14
        Running:   0
        Suspended: 0
        Normal:    0
        Dead:      14
    --------------- Cache ---------------
        Total: 1
        Dead:  0
    ---------------  RPC  ---------------
        Holdon:   0
        Waiting:  0
==============================================
[12:48:25.244][info] [#0:script/service/service.lua:145]: 
========= Medical Examination Report =========
    --------------- Memory ---------------
        Total: 168.539 MB
        # 00 : 168.189 MB
        # 01 : 0.062 MB
        # 02 : 0.062 MB
        # 03 : 0.112 MB
        # 04 : 0.114 MB
    --------------- Coroutine ---------------
        Total:     14
        Running:   0
        Suspended: 0
        Normal:    0
        Dead:      14
    --------------- Cache ---------------
        Total: 1
        Dead:  0
    ---------------  RPC  ---------------
        Holdon:   0
        Waiting:  0
==============================================
[12:58:25.336][info] [#0:script/service/service.lua:145]: 
========= Medical Examination Report =========
    --------------- Memory ---------------
        Total: 168.543 MB
        # 00 : 168.193 MB
        # 01 : 0.062 MB
        # 02 : 0.062 MB
        # 03 : 0.112 MB
        # 04 : 0.114 MB
    --------------- Coroutine ---------------
        Total:     14
        Running:   0
        Suspended: 0
        Normal:    0
        Dead:      14
    --------------- Cache ---------------
        Total: 1
        Dead:  0
    ---------------  RPC  ---------------
        Holdon:   0
        Waiting:  0
==============================================
[13:08:25.432][info] [#0:script/service/service.lua:145]: 
========= Medical Examination Report =========
    --------------- Memory ---------------
        Total: 168.547 MB
        # 00 : 168.197 MB
        # 01 : 0.062 MB
        # 02 : 0.062 MB
        # 03 : 0.112 MB
        # 04 : 0.114 MB
    --------------- Coroutine ---------------
        Total:     14
        Running:   0
        Suspended: 0
        Normal:    0
        Dead:      14
    --------------- Cache ---------------
        Total: 1
        Dead:  0
    ---------------  RPC  ---------------
        Holdon:   0
        Waiting:  0
==============================================
[13:18:25.521][info] [#0:script/service/service.lua:145]: 
========= Medical Examination Report =========
    --------------- Memory ---------------
        Total: 168.550 MB
        # 00 : 168.200 MB
        # 01 : 0.062 MB
        # 02 : 0.062 MB
        # 03 : 0.112 MB
        # 04 : 0.114 MB
    --------------- Coroutine ---------------
        Total:     14
        Running:   0
        Suspended: 0
        Normal:    0
        Dead:      14
    --------------- Cache ---------------
        Total: 1
        Dead:  0
    ---------------  RPC  ---------------
        Holdon:   0
        Waiting:  0
==============================================
[13:28:25.615][info] [#0:script/service/service.lua:145]: 
========= Medical Examination Report =========
    --------------- Memory ---------------
        Total: 168.554 MB
        # 00 : 168.204 MB
        # 01 : 0.062 MB
        # 02 : 0.062 MB
        # 03 : 0.112 MB
        # 04 : 0.114 MB
    --------------- Coroutine ---------------
        Total:     14
        Running:   0
        Suspended: 0
        Normal:    0
        Dead:      14
    --------------- Cache ---------------
        Total: 1
        Dead:  0
    ---------------  RPC  ---------------
        Holdon:   0
        Waiting:  0
==============================================
[13:38:25.707][info] [#0:script/service/service.lua:145]: 
========= Medical Examination Report =========
    --------------- Memory ---------------
        Total: 168.557 MB
        # 00 : 168.208 MB
        # 01 : 0.062 MB
        # 02 : 0.062 MB
        # 03 : 0.112 MB
        # 04 : 0.114 MB
    --------------- Coroutine ---------------
        Total:     14
        Running:   0
        Suspended: 0
        Normal:    0
        Dead:      14
    --------------- Cache ---------------
        Total: 1
        Dead:  0
    ---------------  RPC  ---------------
        Holdon:   0
        Waiting:  0
==============================================
[13:48:25.800][info] [#0:script/service/service.lua:145]: 
========= Medical Examination Report =========
    --------------- Memory ---------------
        Total: 168.561 MB
        # 00 : 168.211 MB
        # 01 : 0.062 MB
        # 02 : 0.062 MB
        # 03 : 0.112 MB
        # 04 : 0.114 MB
    --------------- Coroutine ---------------
        Total:     14
        Running:   0
        Suspended: 0
        Normal:    0
        Dead:      14
    --------------- Cache ---------------
        Total: 1
        Dead:  0
    ---------------  RPC  ---------------
        Holdon:   0
        Waiting:  0
==============================================
[13:58:25.891][info] [#0:script/service/service.lua:145]: 
========= Medical Examination Report =========
    --------------- Memory ---------------
        Total: 168.565 MB
        # 00 : 168.215 MB
        # 01 : 0.062 MB
        # 02 : 0.062 MB
        # 03 : 0.112 MB
        # 04 : 0.114 MB
    --------------- Coroutine ---------------
        Total:     14
        Running:   0
        Suspended: 0
        Normal:    0
        Dead:      14
    --------------- Cache ---------------
        Total: 1
        Dead:  0
    ---------------  RPC  ---------------
        Holdon:   0
        Waiting:  0
==============================================
[14:08:25.979][info] [#0:script/service/service.lua:145]: 
========= Medical Examination Report =========
    --------------- Memory ---------------
        Total: 168.568 MB
        # 00 : 168.218 MB
        # 01 : 0.062 MB
        # 02 : 0.062 MB
        # 03 : 0.112 MB
        # 04 : 0.114 MB
    --------------- Coroutine ---------------
        Total:     14
        Running:   0
        Suspended: 0
        Normal:    0
        Dead:      14
    --------------- Cache ---------------
        Total: 1
        Dead:  0
    ---------------  RPC  ---------------
        Holdon:   0
        Waiting:  0
==============================================
[14:18:27.071][info] [#0:script/service/service.lua:145]: 
========= Medical Examination Report =========
    --------------- Memory ---------------
        Total: 168.572 MB
        # 00 : 168.222 MB
        # 01 : 0.062 MB
        # 02 : 0.062 MB
        # 03 : 0.112 MB
        # 04 : 0.114 MB
    --------------- Coroutine ---------------
        Total:     14
        Running:   0
        Suspended: 0
        Normal:    0
        Dead:      14
    --------------- Cache ---------------
        Total: 1
        Dead:  0
    ---------------  RPC  ---------------
        Holdon:   0
        Waiting:  0
==============================================
[14:28:27.160][info] [#0:script/service/service.lua:145]: 
========= Medical Examination Report =========
    --------------- Memory ---------------
        Total: 168.575 MB
        # 00 : 168.226 MB
        # 01 : 0.062 MB
        # 02 : 0.062 MB
        # 03 : 0.112 MB
        # 04 : 0.114 MB
    --------------- Coroutine ---------------
        Total:     14
        Running:   0
        Suspended: 0
        Normal:    0
        Dead:      14
    --------------- Cache ---------------
        Total: 1
        Dead:  0
    ---------------  RPC  ---------------
        Holdon:   0
        Waiting:  0
==============================================
[14:38:27.252][info] [#0:script/service/service.lua:145]: 
========= Medical Examination Report =========
    --------------- Memory ---------------
        Total: 168.579 MB
        # 00 : 168.229 MB
        # 01 : 0.062 MB
        # 02 : 0.062 MB
        # 03 : 0.112 MB
        # 04 : 0.114 MB
    --------------- Coroutine ---------------
        Total:     14
        Running:   0
        Suspended: 0
        Normal:    0
        Dead:      14
    --------------- Cache ---------------
        Total: 1
        Dead:  0
    ---------------  RPC  ---------------
        Holdon:   0
        Waiting:  0
==============================================
[14:48:27.339][info] [#0:script/service/service.lua:145]: 
========= Medical Examination Report =========
    --------------- Memory ---------------
        Total: 168.583 MB
        # 00 : 168.233 MB
        # 01 : 0.062 MB
        # 02 : 0.062 MB
        # 03 : 0.112 MB
        # 04 : 0.114 MB
    --------------- Coroutine ---------------
        Total:     14
        Running:   0
        Suspended: 0
        Normal:    0
        Dead:      14
    --------------- Cache ---------------
        Total: 1
        Dead:  0
    ---------------  RPC  ---------------
        Holdon:   0
        Waiting:  0
==============================================
[14:58:27.424][info] [#0:script/service/service.lua:145]: 
========= Medical Examination Report =========
    --------------- Memory ---------------
        Total: 168.586 MB
        # 00 : 168.236 MB
        # 01 : 0.062 MB
        # 02 : 0.062 MB
        # 03 : 0.112 MB
        # 04 : 0.114 MB
    --------------- Coroutine ---------------
        Total:     14
        Running:   0
        Suspended: 0
        Normal:    0
        Dead:      14
    --------------- Cache ---------------
        Total: 1
        Dead:  0
    ---------------  RPC  ---------------
        Holdon:   0
        Waiting:  0
==============================================
[15:08:27.505][info] [#0:script/service/service.lua:145]: 
========= Medical Examination Report =========
    --------------- Memory ---------------
        Total: 168.590 MB
        # 00 : 168.240 MB
        # 01 : 0.062 MB
        # 02 : 0.062 MB
        # 03 : 0.112 MB
        # 04 : 0.114 MB
    --------------- Coroutine ---------------
        Total:     14
        Running:   0
        Suspended: 0
        Normal:    0
        Dead:      14
    --------------- Cache ---------------
        Total: 1
        Dead:  0
    ---------------  RPC  ---------------
        Holdon:   0
        Waiting:  0
==============================================
[15:18:28.590][info] [#0:script/service/service.lua:145]: 
========= Medical Examination Report =========
    --------------- Memory ---------------
        Total: 168.594 MB
        # 00 : 168.244 MB
        # 01 : 0.062 MB
        # 02 : 0.062 MB
        # 03 : 0.112 MB
        # 04 : 0.114 MB
    --------------- Coroutine ---------------
        Total:     14
        Running:   0
        Suspended: 0
        Normal:    0
        Dead:      14
    --------------- Cache ---------------
        Total: 1
        Dead:  0
    ---------------  RPC  ---------------
        Holdon:   0
        Waiting:  0
==============================================
[15:28:29.671][info] [#0:script/service/service.lua:145]: 
========= Medical Examination Report =========
    --------------- Memory ---------------
        Total: 168.597 MB
        # 00 : 168.247 MB
        # 01 : 0.062 MB
        # 02 : 0.062 MB
        # 03 : 0.112 MB
        # 04 : 0.114 MB
    --------------- Coroutine ---------------
        Total:     14
        Running:   0
        Suspended: 0
        Normal:    0
        Dead:      14
    --------------- Cache ---------------
        Total: 1
        Dead:  0
    ---------------  RPC  ---------------
        Holdon:   0
        Waiting:  0
==============================================
[15:38:29.752][info] [#0:script/service/service.lua:145]: 
========= Medical Examination Report =========
    --------------- Memory ---------------
        Total: 168.601 MB
        # 00 : 168.251 MB
        # 01 : 0.062 MB
        # 02 : 0.062 MB
        # 03 : 0.112 MB
        # 04 : 0.114 MB
    --------------- Coroutine ---------------
        Total:     14
        Running:   0
        Suspended: 0
        Normal:    0
        Dead:      14
    --------------- Cache ---------------
        Total: 1
        Dead:  0
    ---------------  RPC  ---------------
        Holdon:   0
        Waiting:  0
==============================================
[15:48:29.834][info] [#0:script/service/service.lua:145]: 
========= Medical Examination Report =========
    --------------- Memory ---------------
        Total: 168.604 MB
        # 00 : 168.255 MB
        # 01 : 0.062 MB
        # 02 : 0.062 MB
        # 03 : 0.112 MB
        # 04 : 0.114 MB
    --------------- Coroutine ---------------
        Total:     14
        Running:   0
        Suspended: 0
        Normal:    0
        Dead:      14
    --------------- Cache ---------------
        Total: 1
        Dead:  0
    ---------------  RPC  ---------------
        Holdon:   0
        Waiting:  0
==============================================
[15:56:19.019][info] [#0:script/provider/provider.lua:176]: Server shutdown.
